ID,Cultivo,Fecha_Siembra,Área_Terreno_ha,Densidad_Siembra_tn,Volumen_Riego_L,Frecuencia_Riego_dias,Fertilizacion_Tipo,Fertilizacion_Cantidad_kg_ha,Uso_Pesticidas,Horas_Luz_dia,Temperatura_Promedio_C,Rendimiento_tn_ha
1,Papa,2024-07-17,2.19,9.56,7587.95,5,Orgánica,199.21,1,5.2,11.2,37.75
2,Maíz,2023-10-13,3.21,7.37,1185.26,2,Orgánica,230.5,1,5.7,13.6,7.25
3,Papa,2023-06-28,1.87,5.72,4887.51,1,Mixta,181.19,0,5.1,15.8,26.13
4,Tomate,2023-03-07,2.55,8.07,2797.06,7,Química,295.81,0,4.4,22.2,44.03
5,Papa,2024-03-23,0.79,9.54,9690.69,2,Orgánica,146.35,1,4.8,23.7,28.97
6,Maíz,2023-02-24,1.05,5.46,1309.5,6,Mixta,147.77,1,9.3,16.2,11.82
7,Tomate,2025-05-09,2.96,2.66,9726.26,2,Orgánica,162.44,1,11.2,22.0,100.0
8,Maíz,2024-07-23,0.9,2.76,1407.05,5,Química,147.17,1,8.3,21.7,15.0
9,Papa,2025-05-15,3.23,3.48,3666.46,5,Orgánica,68.64,0,7.4,17.9,23.45
10,Trigo,2023-11-15,0.56,2.79,7402.08,3,Química,242.82,0,11.4,23.0,8.0
11,Maíz,2023-07-29,4.33,5.05,1858.69,7,Química,127.75,1,9.3,21.8,8.55
12,Papa,2023-07-18,3.03,4.45,9745.41,3,Química,240.2,1,5.9,15.1,16.49
13,Trigo,2024-06-25,3.7,2.0,4954.03,3,Química,57.86,0,7.8,21.3,6.48
14,Papa,2025-07-29,1.13,6.44,5858.57,5,Mixta,107.2,1,8.8,23.9,40.0
15,Tomate,2025-02-14,3.31,3.66,1949.45,4,Orgánica,250.92,1,7.3,27.7,54.29
16,Papa,2024-08-23,1.05,4.21,9161.46,1,Mixta,106.98,1,4.0,17.1,26.46
17,Tomate,2024-01-29,1.24,5.81,5363.47,1,Química,79.97,1,6.0,13.4,48.07
18,Papa,2024-04-11,3.01,4.63,1584.03,2,Orgánica,290.61,1,9.6,24.2,21.25
19,Trigo,2024-04-21,4.99,3.4,9789.53,4,Orgánica,62.87,0,6.8,22.7,6.39
20,Papa,2024-07-23,2.89,5.03,5976.04,7,Química,218.03,0,7.0,14.8,35.08
21,Arroz,2025-01-17,2.62,9.85,4589.42,7,Mixta,72.57,0,5.2,20.2,9.01
22,Maíz,2024-12-28,4.36,3.93,2982.17,2,Química,178.02,0,6.8,11.9,14.84
23,Maíz,2024-06-30,2.29,5.66,8539.39,3,Mixta,135.27,0,5.7,20.8,13.18
24,Papa,2023-12-17,1.53,2.57,9839.52,4,Mixta,182.41,1,12.0,29.3,31.94
25,Tomate,2024-05-16,4.47,2.7,3509.84,3,Mixta,231.49,0,10.9,18.1,100.0
26,Maíz,2025-02-16,4.33,9.42,8068.07,4,Química,195.17,1,4.8,23.3,5.46
27,Trigo,2024-03-25,1.22,5.94,7227.06,5,Mixta,106.07,0,4.1,19.9,3.39
28,Trigo,2024-04-14,2.15,7.7,7488.46,1,Orgánica,185.64,0,6.9,15.3,3.57
29,Papa,2025-04-01,4.88,4.54,9028.42,3,Química,158.6,0,8.0,21.5,28.68
30,Trigo,2024-03-08,1.38,7.5,3526.95,3,Orgánica,242.14,1,5.4,28.8,7.96
31,Tomate,2024-10-06,4.62,4.33,1139.11,5,Mixta,157.05,0,8.6,29.6,37.78
32,Maíz,2025-10-19,1.88,2.72,3416.27,3,Mixta,92.37,0,7.2,26.9,15.0
33,Arroz,2025-07-28,0.82,2.88,7040.29,7,Mixta,85.02,0,6.4,16.5,10.0
34,Maíz,2023-10-13,1.11,7.38,5975.38,2,Química,252.34,0,6.0,22.2,6.29
35,Maíz,2024-06-22,0.52,6.65,2748.47,6,Mixta,248.95,1,11.1,10.6,11.9
36,Tomate,2025-03-28,2.47,7.05,3953.37,2,Química,185.66,0,10.7,27.2,49.92
37,Trigo,2023-10-11,0.67,3.73,5833.74,5,Orgánica,180.56,0,6.2,29.3,4.74
38,Tomate,2023-07-06,4.29,2.75,4702.19,3,Química,209.36,1,5.1,29.4,82.42
39,Papa,2023-11-10,0.68,4.59,4901.69,2,Orgánica,69.61,0,5.5,11.6,26.48
40,Maíz,2025-05-14,3.6,1.52,9236.92,7,Mixta,112.56,1,4.8,13.7,15.0
41,Tomate,2025-02-27,3.37,5.65,6914.0,5,Orgánica,202.93,0,4.4,21.3,43.16
42,Arroz,2025-08-16,1.04,4.08,1826.19,7,Mixta,60.18,1,11.8,13.5,4.53
43,Tomate,2023-01-24,3.94,8.26,4116.74,6,Química,158.46,0,4.4,29.0,92.07
44,Papa,2024-06-30,1.67,1.14,9400.93,1,Mixta,184.84,0,5.3,11.4,33.59
45,Trigo,2024-08-24,0.62,6.27,9462.07,4,Orgánica,147.04,1,5.0,26.2,7.13
46,Arroz,2025-07-18,3.32,8.38,6863.36,3,Orgánica,98.95,0,5.7,17.5,4.45
47,Papa,2024-06-23,3.28,4.03,6901.5,5,Mixta,261.22,1,6.7,15.2,29.63
48,Tomate,2025-11-05,3.62,4.14,9429.83,4,Orgánica,154.49,0,6.3,13.5,82.54
49,Papa,2024-09-03,4.13,9.91,4713.56,2,Mixta,112.5,1,6.7,28.6,40.0
50,Tomate,2024-02-12,2.43,7.76,7790.89,1,Mixta,144.43,0,8.0,26.5,56.67
51,Maíz,2023-11-27,4.53,4.5,1097.54,1,Química,261.79,0,6.6,29.0,14.94
52,Tomate,2023-01-02,3.08,6.69,5036.01,3,Mixta,200.61,1,9.4,25.0,98.93
53,Tomate,2025-09-27,4.05,1.82,5449.78,7,Química,298.98,1,7.5,27.8,56.2
54,Papa,2025-01-13,1.03,2.29,7853.6,4,Orgánica,266.72,1,4.7,24.0,18.19
55,Trigo,2023-04-29,4.2,7.36,1732.14,5,Orgánica,108.31,1,7.0,17.4,7.44
56,Maíz,2023-06-11,4.76,9.87,7780.4,6,Mixta,227.05,0,10.2,21.2,10.39
57,Papa,2025-09-22,4.58,2.0,5433.63,5,Mixta,151.3,1,4.5,12.4,19.4
58,Papa,2023-09-15,3.42,7.71,6250.32,6,Mixta,150.06,1,6.3,27.4,22.27
59,Maíz,2025-08-31,4.83,1.11,9728.91,5,Mixta,130.67,1,8.2,29.9,6.33
60,Tomate,2024-06-26,2.99,9.72,5707.88,1,Orgánica,104.2,0,7.6,22.6,76.68
61,Tomate,2025-05-16,4.56,1.41,3528.67,6,Mixta,163.91,1,6.7,13.4,81.41
62,Maíz,2024-02-16,2.25,3.06,3393.44,5,Mixta,293.6,1,7.6,10.6,8.43
63,Trigo,2025-02-03,2.35,6.43,3438.62,5,Química,277.73,0,11.5,18.3,5.88
64,Arroz,2025-07-13,4.64,1.74,8889.95,3,Mixta,61.3,0,7.3,25.6,7.59
65,Papa,2024-04-05,4.93,4.39,7746.2,1,Orgánica,292.48,0,8.6,11.3,16.73
66,Papa,2023-02-13,1.1,1.12,1678.23,4,Química,253.23,0,10.0,28.3,30.22
67,Tomate,2024-04-16,3.77,7.81,4400.65,5,Mixta,162.64,1,6.0,15.5,48.13
68,Tomate,2023-01-15,4.45,7.81,1422.07,7,Orgánica,78.39,1,8.0,19.5,95.38
69,Papa,2023-05-01,1.88,8.35,9711.76,6,Mixta,269.16,0,8.7,19.6,28.69
70,Maíz,2023-03-06,4.03,6.75,8245.4,7,Orgánica,84.09,1,11.8,22.2,12.54
71,Trigo,2025-11-18,3.0,1.82,7537.57,1,Orgánica,178.5,1,11.3,16.0,5.84
72,Maíz,2025-09-21,3.64,8.17,5134.12,1,Química,173.03,1,4.5,10.9,11.89
73,Maíz,2023-09-28,2.06,2.88,6216.85,3,Mixta,68.97,0,7.7,21.7,9.93
74,Tomate,2025-08-26,3.64,2.62,7268.51,1,Mixta,274.2,0,8.1,29.5,79.57
75,Maíz,2025-04-13,1.51,8.4,4105.74,2,Química,94.25,0,8.4,20.7,9.44
76,Maíz,2023-07-18,4.52,2.16,3970.9,3,Orgánica,59.83,0,7.8,23.8,10.62
77,Arroz,2025-05-17,1.21,4.4,1023.36,4,Química,251.55,0,8.8,29.7,7.36
78,Arroz,2023-04-21,4.66,3.13,7839.6,6,Química,165.63,0,4.5,13.0,4.8
79,Papa,2025-04-04,3.59,8.6,7746.55,4,Orgánica,76.79,1,6.8,17.9,19.06
80,Trigo,2024-05-24,3.82,2.64,6075.69,1,Orgánica,102.86,1,8.3,14.7,4.39
81,Maíz,2025-07-07,2.63,4.2,6839.41,2,Orgánica,71.73,0,9.9,21.2,11.99
82,Maíz,2024-01-11,3.04,4.41,4037.02,4,Química,211.48,1,6.0,20.0,8.98
83,Trigo,2024-05-26,4.7,1.07,3028.0,6,Química,111.49,1,10.8,11.8,7.18
84,Papa,2023-07-20,0.75,8.58,1464.72,7,Química,152.6,1,12.0,27.9,30.89
85,Papa,2023-01-31,4.63,1.05,9775.6,6,Mixta,92.72,0,10.6,24.4,31.91
86,Papa,2023-12-07,2.64,8.55,2845.7,2,Orgánica,130.92,0,5.6,24.7,30.55
87,Arroz,2025-09-12,3.68,7.91,1785.61,6,Química,88.59,1,6.6,21.9,6.72
88,Maíz,2023-05-01,2.54,5.94,5940.3,2,Química,130.59,1,4.7,12.8,5.33
89,Maíz,2023-01-05,1.03,5.26,6454.92,3,Química,137.22,0,10.8,24.9,9.73
90,Arroz,2025-07-20,4.7,9.92,2845.02,3,Química,66.62,1,9.8,11.0,9.13
91,Trigo,2025-09-23,4.23,7.75,8195.83,3,Química,91.07,0,5.9,22.7,7.82
92,Maíz,2024-08-30,1.92,6.29,7146.84,7,Orgánica,228.45,1,7.7,16.0,13.49
93,Maíz,2023-05-05,2.76,3.09,9096.17,7,Orgánica,182.96,0,11.3,22.5,6.61
94,Trigo,2023-04-13,4.73,6.65,4014.15,4,Orgánica,248.51,0,8.0,24.8,5.71
95,Tomate,2025-10-26,4.99,7.77,7362.82,3,Química,235.99,1,5.6,24.3,69.84
96,Tomate,2023-04-27,3.9,1.93,5828.33,7,Orgánica,261.61,1,8.8,20.0,74.78
97,Tomate,2024-01-16,2.69,4.68,7946.94,3,Orgánica,210.29,0,8.5,24.3,77.04
98,Papa,2023-05-20,4.22,9.63,4082.72,6,Mixta,150.21,0,6.3,22.3,40.0
99,Maíz,2023-09-03,1.13,1.91,3304.14,4,Química,198.24,1,8.5,23.9,15.0
100,Tomate,2023-03-23,3.68,2.37,6186.6,2,Orgánica,67.23,0,9.9,28.7,99.59
101,Tomate,2025-05-08,2.53,2.02,9863.57,6,Orgánica,96.58,0,11.4,27.4,67.65
102,Tomate,2025-12-06,3.16,4.59,1492.85,1,Mixta,101.39,0,4.0,16.7,65.72
103,Trigo,2024-02-23,2.92,9.28,4117.11,2,Química,170.21,0,7.6,14.5,4.86
104,Trigo,2024-06-27,1.13,2.59,5485.31,6,Orgánica,58.47,0,6.9,21.6,6.08
105,Arroz,2024-09-06,0.56,6.97,2602.32,4,Orgánica,164.75,1,7.3,11.7,10.0
106,Arroz,2023-05-29,2.76,6.36,1603.69,7,Química,156.7,1,11.2,14.1,5.4
107,Papa,2023-07-24,0.66,5.25,6083.57,2,Química,123.51,0,7.6,20.5,28.14
108,Papa,2024-03-12,2.3,6.04,2397.16,1,Mixta,133.59,0,11.6,17.5,25.21
109,Tomate,2023-09-29,3.4,4.68,1228.48,4,Química,259.95,0,9.3,10.5,46.45
110,Trigo,2024-05-15,1.54,7.05,1177.39,6,Orgánica,134.82,0,5.4,23.1,3.6
111,Trigo,2023-11-20,0.95,3.19,7500.4,6,Química,257.55,1,11.6,12.8,4.66
112,Arroz,2024-09-11,1.96,1.78,6699.17,1,Mixta,101.97,0,5.0,27.5,8.5
113,Tomate,2025-12-19,3.67,9.2,6622.85,3,Mixta,114.86,1,6.9,10.7,95.33
114,Papa,2024-09-05,2.05,7.96,4264.82,5,Mixta,123.62,1,11.8,25.6,20.68
115,Papa,2024-06-25,3.05,9.87,5239.59,1,Orgánica,171.19,0,6.1,20.8,33.35
116,Papa,2023-11-15,1.66,2.25,8514.37,4,Orgánica,83.07,0,5.4,15.4,15.46
117,Trigo,2024-03-07,4.61,2.06,6188.65,6,Química,66.79,0,9.2,26.6,3.3
118,Trigo,2024-06-24,0.55,2.23,9100.17,6,Orgánica,233.05,1,8.8,23.3,3.37
119,Tomate,2024-05-29,4.61,4.77,4448.25,2,Química,155.51,1,5.3,24.8,39.87
120,Papa,2025-05-17,3.21,3.21,4503.66,3,Orgánica,138.92,0,9.8,22.2,40.0
121,Trigo,2023-01-08,2.28,9.59,2215.01,1,Orgánica,117.48,0,6.1,21.9,2.5
122,Trigo,2024-06-20,2.73,6.37,4008.2,2,Orgánica,168.56,0,4.6,24.6,5.38
123,Maíz,2025-06-23,3.6,4.91,3217.62,3,Mixta,69.44,1,9.6,15.4,12.03
124,Tomate,2025-05-25,2.12,1.82,9255.82,5,Mixta,247.5,0,7.6,13.7,71.33
125,Tomate,2023-08-18,4.43,7.59,8259.05,7,Orgánica,231.03,1,10.8,15.0,67.51
126,Papa,2023-11-02,1.5,9.89,9496.53,7,Mixta,61.04,1,11.4,13.6,32.21
127,Tomate,2025-01-26,4.62,1.31,7276.78,1,Orgánica,98.15,1,11.8,28.9,68.38
128,Tomate,2023-10-31,4.38,8.6,3871.9,2,Mixta,211.14,1,8.8,14.6,43.68
129,Arroz,2023-03-27,0.85,7.27,4058.87,7,Orgánica,151.12,0,6.5,20.8,9.18
130,Trigo,2023-03-23,1.93,6.63,8973.8,2,Química,269.17,1,4.2,27.4,2.26
131,Trigo,2024-05-26,4.44,5.76,9451.61,3,Orgánica,67.51,1,6.8,25.3,4.77
132,Papa,2025-04-12,2.66,6.65,8863.09,7,Química,149.57,1,7.3,18.4,36.16
133,Tomate,2023-11-13,1.57,1.99,4191.6,6,Mixta,263.21,1,5.9,10.8,33.8
134,Maíz,2023-12-29,4.94,4.85,4458.94,4,Orgánica,104.56,1,10.4,15.2,11.44
135,Arroz,2024-01-03,4.92,8.96,6407.19,6,Orgánica,203.35,0,9.9,11.3,6.54
136,Trigo,2024-05-23,4.27,3.08,8475.78,6,Química,107.67,1,7.1,10.7,7.98
137,Trigo,2023-08-10,4.22,8.21,6668.0,7,Orgánica,270.95,0,8.8,20.5,3.81
138,Arroz,2025-08-21,2.82,5.42,9967.02,3,Orgánica,253.96,1,9.0,25.0,4.64
139,Maíz,2025-07-31,4.53,8.74,5116.89,3,Orgánica,118.24,0,11.1,29.1,13.89
140,Trigo,2024-04-11,4.14,6.9,5957.72,3,Química,120.35,1,7.0,15.2,6.53
141,Maíz,2024-01-31,2.73,1.73,2981.65,5,Orgánica,273.62,0,10.8,19.9,10.5
142,Arroz,2024-07-24,3.17,8.42,4130.28,2,Química,185.94,0,6.1,27.6,9.05
143,Papa,2024-12-20,3.46,8.66,8805.65,1,Química,133.5,0,9.6,23.6,33.61
144,Tomate,2024-11-09,3.89,2.43,8927.84,2,Química,166.37,0,10.6,12.6,56.16
145,Papa,2024-06-18,3.85,2.45,8361.7,6,Orgánica,239.16,1,4.1,15.7,31.34
146,Maíz,2024-06-27,4.92,6.69,3338.23,4,Mixta,52.27,0,10.2,12.1,13.51
147,Papa,2025-06-08,2.94,9.67,4076.85,4,Orgánica,94.87,0,4.8,28.7,32.2
148,Trigo,2024-10-04,0.81,3.71,7373.55,6,Mixta,227.14,1,6.8,22.4,2.58
149,Arroz,2025-11-13,4.42,9.76,9719.9,4,Mixta,211.89,1,10.1,10.5,4.56
150,Papa,2024-01-25,1.96,5.4,7933.67,2,Química,50.26,1,6.2,29.9,27.22
151,Trigo,2025-06-12,2.53,2.47,8153.29,5,Orgánica,124.59,1,4.7,23.6,6.41
152,Papa,2024-02-08,1.73,9.56,2359.52,4,Mixta,232.82,0,7.4,22.8,27.5
153,Trigo,2023-05-24,1.73,9.86,4684.01,4,Química,231.11,1,5.7,10.6,6.09
154,Trigo,2024-10-04,2.16,8.78,5258.89,4,Mixta,96.38,0,4.7,13.1,4.96
155,Papa,2024-09-07,2.89,1.16,8171.18,4,Mixta,58.13,1,11.7,13.7,29.29
156,Tomate,2025-04-16,0.51,6.38,6465.76,4,Química,157.58,1,5.8,13.2,77.87
157,Trigo,2024-08-28,1.97,6.31,4899.22,5,Química,87.4,0,4.6,17.8,5.12
158,Tomate,2024-01-28,3.2,3.62,7254.84,1,Orgánica,288.16,0,4.3,19.6,40.39
159,Arroz,2025-02-15,1.59,9.88,2282.46,6,Mixta,204.54,1,6.8,25.5,10.0
160,Maíz,2024-09-08,0.83,5.81,8942.8,6,Mixta,58.3,1,6.9,16.4,15.0
161,Arroz,2023-01-01,1.4,7.24,8392.97,2,Mixta,91.87,0,11.6,12.5,10.0
162,Trigo,2024-03-06,3.18,6.55,6516.5,1,Química,227.27,1,11.6,22.5,7.61
163,Arroz,2024-10-21,3.26,5.36,6947.38,4,Mixta,199.37,1,7.6,22.9,8.13
164,Arroz,2025-06-24,3.79,1.73,1543.17,7,Química,212.57,0,11.0,14.4,10.0
165,Maíz,2025-08-27,2.02,2.64,8107.29,7,Mixta,60.92,1,8.4,24.4,8.44
166,Maíz,2023-06-23,4.98,9.77,6852.93,2,Mixta,150.82,0,4.6,10.6,8.19
167,Trigo,2024-11-17,2.58,8.81,7544.52,5,Mixta,261.56,0,6.8,17.4,8.0
168,Papa,2024-09-27,0.68,8.8,6208.08,4,Orgánica,57.35,1,7.9,27.5,38.64
169,Maíz,2023-10-29,2.4,3.49,6331.15,6,Orgánica,139.79,0,9.0,22.6,13.21
170,Papa,2024-05-16,1.09,7.44,9181.29,7,Orgánica,208.14,1,11.8,13.6,38.2
171,Arroz,2023-05-30,2.72,3.23,8836.75,7,Mixta,198.23,0,6.9,21.9,5.49
172,Arroz,2024-02-03,2.26,9.72,3323.2,5,Química,52.26,0,10.2,12.6,10.0
173,Arroz,2025-03-29,2.54,3.12,1661.47,6,Química,132.72,0,6.7,26.6,6.59
174,Maíz,2023-01-12,1.62,6.55,7360.99,6,Orgánica,91.9,0,8.8,17.1,11.07
175,Papa,2024-03-24,4.02,7.35,5017.32,7,Química,267.07,1,8.3,10.7,40.0
176,Maíz,2025-11-26,1.05,3.08,1465.27,1,Mixta,80.53,1,5.4,11.8,6.72
177,Arroz,2024-05-25,3.13,7.19,4576.41,2,Orgánica,291.28,0,4.1,16.5,10.0
178,Papa,2023-10-01,3.11,3.29,5695.57,7,Química,216.72,1,5.0,12.7,19.15
179,Arroz,2025-12-23,4.73,7.6,2461.44,5,Mixta,73.48,1,5.2,14.7,10.0
180,Tomate,2024-10-11,1.65,6.95,9807.68,3,Mixta,220.81,1,6.0,26.6,97.9
181,Arroz,2025-10-30,3.96,2.02,8159.59,4,Mixta,219.13,0,11.5,26.5,8.57
182,Arroz,2025-07-02,3.1,4.14,2433.59,6,Mixta,129.53,0,7.3,27.4,9.13
183,Maíz,2025-08-30,3.05,7.65,8906.64,5,Mixta,241.3,1,9.3,26.2,13.92
184,Arroz,2024-05-21,4.09,4.92,8360.51,6,Química,186.12,0,6.6,22.6,8.04
185,Trigo,2025-09-19,3.04,4.42,5936.5,1,Mixta,109.39,0,7.6,10.3,5.97
186,Maíz,2025-06-19,1.26,6.78,7834.1,1,Química,144.95,1,11.6,26.9,15.0
187,Papa,2024-08-08,4.16,1.98,2340.93,5,Mixta,111.52,1,8.9,25.3,40.0
188,Maíz,2024-11-18,3.73,9.6,1164.09,7,Química,157.72,1,9.2,28.0,7.81
189,Trigo,2023-06-15,4.67,1.54,9409.92,6,Mixta,98.64,1,7.9,15.1,4.01
190,Maíz,2024-04-18,1.88,8.23,5852.45,2,Orgánica,202.58,1,7.2,29.5,14.04
191,Arroz,2023-11-09,2.85,2.11,8734.74,7,Mixta,181.29,0,6.4,25.9,5.64
192,Maíz,2025-04-29,4.63,4.82,1783.35,6,Orgánica,187.56,1,8.2,12.2,5.28
193,Arroz,2025-08-12,3.37,5.64,6341.85,2,Química,103.01,1,5.4,17.2,10.0
194,Arroz,2024-02-28,3.96,6.01,3300.8,4,Orgánica,118.7,0,10.8,23.4,9.49
195,Arroz,2023-02-10,3.95,2.35,4815.5,5,Química,92.0,0,11.0,19.5,7.72
196,Tomate,2025-09-03,1.3,3.81,3072.22,7,Química,186.67,1,6.1,22.6,36.87
197,Papa,2024-09-03,1.14,3.47,6373.42,2,Química,151.08,1,7.6,24.5,17.15
198,Arroz,2024-03-27,2.03,8.37,6428.97,6,Química,194.6,0,10.2,15.3,8.03
199,Arroz,2024-07-12,3.18,4.61,4302.6,6,Orgánica,138.75,1,7.5,26.6,8.26
200,Arroz,2023-03-01,0.81,6.76,3440.33,2,Química,220.03,1,6.6,16.7,8.93
201,Arroz,2025-04-08,4.97,6.96,6020.05,2,Química,161.59,1,4.5,21.2,10.0
202,Maíz,2023-09-19,1.29,7.21,2808.4,2,Química,74.17,0,10.6,10.0,8.41
203,Tomate,2023-02-25,4.92,5.27,4442.74,7,Mixta,149.83,1,4.2,24.7,95.16
204,Arroz,2023-02-25,1.6,7.04,1836.36,6,Mixta,72.28,0,10.9,22.2,7.92
205,Papa,2025-05-27,1.22,1.57,2058.84,7,Mixta,115.78,1,7.0,16.9,23.82
206,Maíz,2024-01-08,2.79,8.43,3517.33,2,Química,200.15,0,5.3,25.7,11.62
207,Papa,2025-02-15,3.05,4.52,5510.38,1,Química,79.09,1,9.0,23.5,32.17
208,Trigo,2025-07-20,3.75,2.27,2907.84,6,Orgánica,70.23,0,4.2,13.1,3.34
209,Trigo,2025-02-15,4.81,6.16,9394.58,2,Química,83.13,1,6.5,22.1,3.16
210,Trigo,2024-05-31,4.54,8.46,3857.78,3,Química,149.67,0,9.3,12.4,4.97
211,Papa,2023-02-09,2.78,3.09,1719.69,4,Química,291.46,1,8.8,28.7,38.77
212,Tomate,2024-12-17,1.75,8.66,1002.99,3,Orgánica,204.9,1,6.9,17.7,75.18
213,Maíz,2023-05-21,1.36,2.91,5361.41,2,Mixta,64.45,1,6.4,18.6,7.84
214,Papa,2024-05-21,0.84,8.04,3388.49,7,Orgánica,223.04,1,8.9,22.7,22.86
215,Maíz,2023-11-09,1.55,2.99,2563.77,4,Orgánica,181.76,0,9.8,25.8,9.69
216,Maíz,2025-08-27,3.44,4.19,5729.54,6,Orgánica,256.88,0,7.1,29.3,7.49
217,Papa,2024-03-22,1.1,4.77,8113.04,5,Mixta,240.07,1,5.5,22.4,26.22
218,Arroz,2024-06-08,4.25,6.66,2789.71,5,Mixta,289.89,1,7.0,15.3,8.52
219,Trigo,2023-08-23,2.75,3.39,2343.14,6,Orgánica,87.51,1,5.9,23.0,7.42
220,Maíz,2023-08-10,3.26,8.74,4531.54,2,Química,273.02,0,4.8,23.2,15.0
221,Tomate,2024-09-30,4.14,1.69,3514.31,2,Orgánica,59.61,1,10.2,26.5,69.99
222,Tomate,2025-02-07,2.24,5.05,3042.68,1,Mixta,66.66,1,11.1,12.1,100.0
223,Arroz,2024-02-11,2.49,1.43,1342.2,7,Mixta,229.08,0,10.4,12.1,4.51
224,Papa,2024-05-12,2.79,4.49,5157.52,4,Mixta,137.43,0,11.5,25.7,26.84
225,Papa,2024-09-09,2.35,5.95,8474.81,2,Mixta,55.24,1,8.1,28.0,39.27
226,Tomate,2023-03-26,1.53,9.78,7006.15,3,Orgánica,80.35,1,6.1,11.4,100.0
227,Trigo,2025-05-27,2.65,9.06,3899.94,4,Mixta,123.21,1,4.9,19.7,8.0
228,Trigo,2025-11-02,2.84,6.55,2409.75,2,Orgánica,134.57,1,8.8,11.9,4.61
229,Trigo,2025-05-10,2.98,4.5,2473.15,4,Orgánica,110.17,0,9.4,19.9,2.22
230,Arroz,2025-06-06,4.97,7.04,3852.3,7,Orgánica,261.63,0,8.4,22.7,5.7
231,Trigo,2025-07-30,4.9,7.73,6020.32,7,Mixta,214.04,0,6.6,25.1,3.99
232,Maíz,2023-12-27,2.93,7.55,1971.49,5,Química,231.49,0,11.7,19.8,6.97
233,Tomate,2024-07-07,2.04,4.72,7823.67,1,Mixta,177.09,0,4.8,13.0,39.54
234,Tomate,2025-09-17,3.1,8.89,4904.2,2,Mixta,189.51,1,6.0,24.5,100.0
235,Arroz,2024-07-03,0.95,4.61,8200.64,3,Química,127.73,0,9.9,22.3,5.49
236,Trigo,2023-06-27,2.1,8.05,5988.04,6,Orgánica,262.01,1,4.3,24.9,3.48
237,Trigo,2024-05-14,4.81,4.31,3942.38,3,Química,260.49,1,11.0,29.9,4.42
238,Arroz,2025-02-15,2.52,7.5,8975.76,3,Mixta,84.46,1,7.3,23.9,4.56
239,Trigo,2025-10-09,3.29,4.2,8147.78,4,Orgánica,150.58,0,7.8,22.8,2.51
240,Trigo,2025-09-25,3.11,6.05,6045.94,6,Orgánica,171.65,1,10.4,15.4,7.3
241,Maíz,2024-06-13,2.74,1.69,1526.96,5,Química,236.48,1,9.7,25.8,11.22
242,Trigo,2024-07-19,2.48,2.33,3953.73,7,Química,108.96,0,5.8,22.0,6.73
243,Tomate,2025-11-24,4.99,9.4,6783.09,1,Orgánica,209.39,1,10.3,12.4,63.51
244,Maíz,2024-05-09,4.28,4.45,6146.85,5,Orgánica,96.12,0,11.8,13.3,12.24
245,Arroz,2024-05-07,3.14,6.28,7279.04,3,Química,124.68,0,4.4,27.1,5.35
246,Arroz,2025-10-02,2.2,5.16,5328.15,5,Mixta,164.55,0,9.6,22.6,4.83
247,Arroz,2023-07-10,4.57,9.18,8021.92,4,Orgánica,241.38,1,5.8,12.6,6.58
248,Trigo,2025-04-08,4.65,5.25,1120.62,4,Orgánica,61.15,1,6.1,14.9,7.66
249,Maíz,2025-01-25,1.62,3.45,7834.58,2,Química,261.2,1,4.5,19.8,5.94
250,Arroz,2025-12-23,0.78,9.16,2253.21,4,Mixta,128.8,0,6.8,28.0,4.34
251,Trigo,2024-11-08,3.49,9.67,6041.51,7,Química,148.36,1,7.4,15.2,6.58
252,Trigo,2025-07-18,4.92,3.31,6887.57,2,Mixta,97.8,0,7.7,29.4,6.11
253,Trigo,2024-05-29,2.07,2.03,2361.22,4,Química,154.5,0,10.8,21.2,5.51
254,Maíz,2024-01-30,1.02,8.74,7505.33,1,Orgánica,247.92,0,8.3,11.6,10.07
255,Trigo,2024-01-15,2.68,2.49,9511.28,1,Orgánica,217.26,1,10.9,19.2,7.38
256,Maíz,2025-09-18,1.81,8.08,2007.42,3,Orgánica,164.81,1,10.4,19.9,9.26
257,Trigo,2025-12-10,4.42,5.9,7825.83,4,Mixta,179.85,1,5.0,23.2,3.37
258,Tomate,2023-07-25,1.65,9.52,6041.64,4,Química,243.0,0,8.4,11.9,55.14
259,Maíz,2024-04-10,1.77,4.52,8185.1,7,Química,214.2,0,7.2,11.9,9.41
260,Trigo,2024-09-11,1.38,2.68,1846.32,4,Orgánica,248.21,1,6.2,16.2,6.33
261,Papa,2025-12-29,1.38,9.07,5681.71,4,Mixta,223.97,1,5.3,22.3,27.34
262,Maíz,2023-04-04,4.54,2.52,5563.46,4,Química,100.5,1,6.9,24.7,14.28
263,Papa,2024-08-21,1.91,8.19,9709.8,3,Mixta,270.6,1,9.9,16.4,40.0
264,Maíz,2025-10-02,2.68,2.1,7526.67,2,Mixta,91.49,1,11.8,23.1,7.51
265,Papa,2024-08-05,3.59,1.84,1264.28,4,Orgánica,272.56,1,7.0,29.5,24.12
266,Arroz,2025-06-21,1.83,9.26,1996.74,4,Química,128.59,0,11.2,23.0,6.3
267,Trigo,2023-04-16,1.64,8.37,8918.4,6,Orgánica,93.44,0,4.9,11.7,6.31
268,Trigo,2023-08-22,2.39,9.15,7657.04,2,Química,237.21,0,7.5,21.5,6.95
269,Papa,2025-10-04,4.13,8.59,3285.77,1,Química,81.57,1,4.9,16.3,16.82
270,Papa,2023-04-20,3.57,2.5,6897.54,1,Mixta,259.26,0,4.6,16.8,40.0
271,Maíz,2024-09-14,1.47,4.24,1616.55,1,Orgánica,125.99,1,10.1,28.1,7.93
272,Papa,2023-08-31,4.13,1.53,9089.63,3,Orgánica,276.8,0,4.0,13.4,24.74
273,Tomate,2024-04-07,2.21,3.04,4434.51,6,Química,145.1,1,10.4,19.6,34.48
274,Tomate,2025-07-11,2.4,1.24,9696.19,6,Química,264.59,0,11.8,26.5,80.53
275,Arroz,2025-05-28,4.28,9.84,6592.1,1,Química,126.19,0,8.3,22.7,7.39
276,Trigo,2023-05-04,1.48,2.08,1615.07,1,Mixta,110.47,1,8.5,15.7,7.89
277,Tomate,2023-07-23,0.83,3.04,7572.22,1,Mixta,62.04,1,11.0,27.5,60.37
278,Maíz,2024-03-08,2.03,9.9,6635.59,5,Mixta,259.54,1,4.3,21.7,15.0
279,Trigo,2023-06-16,4.35,5.69,1572.77,4,Mixta,105.06,1,4.9,11.9,8.0
280,Maíz,2023-12-22,3.51,8.46,8910.81,1,Orgánica,56.29,0,7.4,16.3,10.11
281,Tomate,2023-11-17,3.98,6.42,9032.71,5,Orgánica,92.65,0,9.1,21.8,84.81
282,Papa,2025-07-11,1.57,5.61,1938.02,6,Química,246.69,0,9.2,29.0,30.62
283,Tomate,2024-08-19,3.85,5.56,6706.94,6,Química,272.87,1,6.9,19.4,35.9
284,Papa,2024-08-13,1.13,3.49,9743.79,5,Orgánica,168.24,0,5.6,22.2,23.12
285,Trigo,2025-07-18,1.43,5.65,1049.55,6,Mixta,62.37,1,4.3,12.2,4.36
286,Papa,2024-04-23,4.11,6.15,5614.01,3,Mixta,61.1,0,7.2,11.7,31.95
287,Trigo,2024-02-10,1.01,4.11,5566.71,1,Mixta,57.42,1,9.6,29.9,3.17
288,Arroz,2024-04-05,1.74,4.55,4796.45,4,Orgánica,270.56,0,9.7,22.2,6.27
289,Maíz,2023-10-19,4.21,9.6,8390.78,1,Química,209.1,0,9.7,26.6,5.68
290,Papa,2023-12-06,4.42,3.31,6987.63,1,Orgánica,164.06,1,4.7,21.9,32.01
291,Trigo,2024-08-14,4.55,4.64,3889.73,1,Mixta,285.43,0,9.2,22.9,8.0
292,Arroz,2025-08-17,3.19,5.52,2249.84,1,Orgánica,203.14,1,5.4,22.8,9.41
293,Trigo,2025-04-04,2.88,8.46,9921.37,2,Mixta,52.93,1,8.3,19.0,2.99
294,Trigo,2025-10-08,2.3,9.19,8272.2,7,Mixta,135.79,0,10.5,11.3,4.63
295,Arroz,2023-03-23,4.33,4.64,1698.53,1,Orgánica,126.58,1,8.7,14.5,6.82
296,Arroz,2024-10-22,2.53,6.21,7834.16,7,Mixta,129.72,1,4.1,17.4,4.73
297,Tomate,2023-02-22,2.27,5.73,5605.13,4,Química,157.63,1,4.4,25.2,100.0
298,Papa,2023-02-12,2.03,5.66,4410.19,3,Orgánica,135.15,0,10.3,21.9,18.78
299,Trigo,2023-03-24,4.31,5.78,8575.51,4,Mixta,189.92,0,9.5,12.8,5.26
300,Maíz,2025-11-28,0.62,5.55,9676.16,4,Química,74.83,1,4.2,17.8,7.14
301,Arroz,2024-01-07,0.61,7.81,5126.71,6,Química,82.51,1,4.9,29.1,6.06
302,Tomate,2025-10-04,4.5,6.43,8440.37,1,Química,72.05,0,11.7,17.8,62.86
303,Papa,2024-12-13,2.03,5.87,2387.31,1,Química,183.06,0,10.1,26.7,27.33
304,Arroz,2024-10-19,1.86,3.33,2751.61,1,Química,176.86,0,6.2,29.3,7.57
305,Papa,2024-11-06,2.06,6.22,2252.77,3,Orgánica,87.63,1,7.9,18.0,40.0
306,Arroz,2025-10-11,4.46,6.61,6124.4,2,Mixta,165.36,0,7.2,10.8,7.41
307,Trigo,2025-03-31,2.94,3.05,9676.26,5,Mixta,199.78,1,8.3,27.4,3.07
308,Tomate,2025-07-20,4.06,2.12,8147.9,4,Orgánica,166.7,1,11.6,13.0,65.54
309,Papa,2024-05-31,4.91,5.35,8771.93,7,Química,125.61,1,6.3,14.1,35.07
310,Trigo,2025-04-07,2.24,5.6,5430.93,2,Orgánica,231.43,0,11.8,18.2,7.68
311,Tomate,2025-08-04,3.94,6.16,9604.42,7,Orgánica,77.32,1,4.0,22.8,55.04
312,Arroz,2024-01-20,1.58,3.81,3304.43,5,Orgánica,177.61,1,5.8,24.7,9.27
313,Tomate,2025-10-17,4.68,1.27,8848.44,2,Química,83.61,1,9.2,26.4,57.72
314,Arroz,2024-02-21,3.8,5.76,8140.55,3,Orgánica,299.46,1,12.0,11.8,4.22
315,Trigo,2023-09-26,0.7,4.08,6696.16,7,Mixta,85.71,1,11.5,26.4,7.56
316,Trigo,2025-09-19,4.48,7.3,1939.64,7,Química,171.91,1,6.2,23.7,2.32
317,Papa,2024-05-05,1.88,5.94,6688.81,5,Orgánica,286.92,1,4.0,12.0,37.83
318,Maíz,2023-01-29,3.57,2.02,8578.67,4,Química,226.77,1,5.2,24.2,12.62
319,Tomate,2023-07-10,1.45,8.77,4611.75,7,Química,282.31,1,6.1,10.4,72.95
320,Maíz,2025-08-03,4.29,5.94,2973.47,5,Orgánica,200.87,0,7.3,25.2,7.22
321,Papa,2023-11-12,3.74,8.8,5085.52,4,Mixta,206.2,1,9.1,20.5,30.79
322,Arroz,2024-08-20,1.56,3.73,3609.73,6,Mixta,180.04,0,11.3,24.4,7.21
323,Tomate,2024-07-13,1.21,8.94,8414.0,7,Mixta,63.58,1,7.2,12.1,46.76
324,Arroz,2025-08-25,4.02,7.44,6341.37,1,Química,65.67,1,7.7,16.8,10.0
325,Maíz,2023-10-24,0.87,9.38,8440.43,3,Química,117.6,0,10.9,21.4,15.0
326,Arroz,2025-11-06,4.74,4.8,4395.82,4,Orgánica,218.79,0,9.5,19.9,6.78
327,Maíz,2024-07-19,3.35,7.33,1039.27,7,Orgánica,113.56,0,9.3,29.3,12.86
328,Arroz,2025-11-05,4.78,7.32,3682.47,5,Química,168.85,0,9.2,11.0,6.28
329,Trigo,2024-08-02,4.81,5.5,4894.56,7,Orgánica,77.74,1,6.9,17.4,2.5
330,Trigo,2025-09-29,3.95,4.75,8399.62,7,Mixta,229.91,0,9.3,19.4,8.0
331,Maíz,2025-09-18,1.47,7.1,6469.77,2,Química,148.68,1,9.2,24.8,9.27
332,Trigo,2025-02-11,3.4,4.56,7418.86,6,Química,194.79,0,6.3,17.4,2.47
333,Arroz,2024-01-22,1.0,5.64,3408.33,5,Química,222.01,0,7.0,16.7,4.32
334,Maíz,2025-02-23,1.06,4.72,5435.78,7,Mixta,132.56,1,8.8,10.2,10.64
335,Maíz,2023-03-31,4.84,5.67,7097.88,4,Química,163.73,1,10.2,20.4,15.0
336,Trigo,2025-08-26,1.06,1.15,7931.42,6,Mixta,141.93,0,6.1,10.4,3.95
337,Arroz,2023-11-08,3.98,5.66,4132.86,6,Química,192.66,1,6.4,22.9,10.0
338,Arroz,2023-09-16,4.31,1.21,9087.05,1,Orgánica,201.54,1,7.7,18.0,6.48
339,Tomate,2024-11-10,0.8,3.05,3219.43,4,Mixta,168.35,1,7.8,11.2,100.0
340,Papa,2023-07-24,4.74,8.07,9921.95,2,Química,211.15,1,4.6,17.3,22.99
341,Tomate,2023-02-01,1.38,2.27,6601.72,2,Química,128.79,0,5.2,26.2,76.75
342,Maíz,2023-11-13,2.25,7.07,3339.14,1,Química,286.85,1,6.3,19.4,15.0
343,Papa,2024-06-26,3.68,1.56,2325.73,5,Química,174.33,0,7.6,12.7,38.95
344,Trigo,2025-03-25,2.88,3.18,5505.43,5,Mixta,290.58,1,6.2,26.1,5.15
345,Papa,2025-12-28,2.96,4.9,1395.1,6,Química,265.99,1,5.7,11.0,37.17
346,Arroz,2025-09-26,4.92,8.14,8684.06,4,Química,214.78,0,5.6,29.0,9.97
347,Tomate,2023-05-21,3.7,9.83,6125.86,3,Orgánica,164.74,1,8.7,11.5,77.29
348,Maíz,2024-08-11,4.92,2.71,8133.36,3,Mixta,138.76,0,11.7,20.4,15.0
349,Maíz,2023-07-05,3.91,2.46,5292.1,4,Mixta,111.84,0,7.7,25.6,15.0
350,Arroz,2023-07-25,3.94,8.7,6427.58,5,Orgánica,52.26,0,7.0,21.0,9.27
351,Arroz,2024-09-05,0.71,8.27,2600.99,7,Orgánica,232.22,0,6.0,14.9,6.42
352,Papa,2024-10-26,4.53,1.0,9112.45,6,Orgánica,149.46,0,11.6,19.9,29.79
353,Papa,2025-01-04,2.67,6.72,1816.5,6,Química,279.61,0,7.6,15.5,30.55
354,Trigo,2023-10-26,4.97,4.48,6164.57,2,Química,214.16,1,11.2,27.5,8.0
355,Maíz,2025-04-23,0.62,8.56,7765.95,5,Mixta,59.0,0,5.2,23.6,7.99
356,Tomate,2024-01-04,2.44,7.47,6069.92,5,Mixta,179.17,1,10.7,12.9,66.31
357,Maíz,2023-06-11,4.57,8.61,4608.48,6,Orgánica,245.09,1,11.1,20.9,7.77
358,Tomate,2024-05-08,1.65,3.66,6344.22,6,Química,101.77,0,6.9,15.9,91.56
359,Arroz,2023-10-21,2.57,1.86,8440.72,7,Mixta,133.05,1,10.2,17.1,10.0
360,Maíz,2024-06-04,2.82,5.17,1408.63,4,Química,156.31,0,7.1,20.9,10.84
361,Arroz,2023-01-20,3.16,1.55,4259.59,1,Química,293.27,0,5.6,10.2,6.82
362,Arroz,2023-11-20,4.47,1.47,2720.07,4,Química,106.07,0,9.1,18.3,9.16
363,Papa,2024-12-08,3.24,9.06,8362.24,3,Química,117.86,0,7.0,28.0,35.17
364,Tomate,2025-05-18,4.93,7.79,4538.76,5,Química,87.4,1,4.6,20.9,86.14
365,Trigo,2024-09-10,1.25,8.03,6253.96,3,Química,207.11,1,6.1,22.0,4.09
366,Maíz,2025-09-16,3.71,7.83,1922.64,1,Química,227.12,0,7.0,28.7,13.67
367,Papa,2025-02-20,3.64,7.43,5155.45,1,Orgánica,80.51,1,9.8,27.2,23.65
368,Tomate,2024-08-28,4.13,2.76,4108.08,6,Química,216.29,0,10.9,24.0,86.64
369,Trigo,2025-03-21,3.03,9.52,5466.33,3,Orgánica,170.63,1,10.3,24.7,4.75
370,Trigo,2023-04-11,0.61,8.55,1102.76,2,Orgánica,203.98,1,7.5,14.7,6.61
371,Tomate,2025-10-14,4.18,5.92,9703.32,3,Mixta,157.4,0,9.7,27.3,45.57
372,Trigo,2024-12-22,4.1,5.97,4568.98,3,Orgánica,269.84,0,5.3,16.2,3.93
373,Maíz,2024-01-25,4.42,7.05,8170.13,7,Mixta,128.22,0,8.6,26.7,15.0
374,Tomate,2023-10-08,0.55,7.07,1466.52,1,Química,54.95,0,6.5,17.1,79.48
375,Papa,2023-03-22,2.0,7.59,4640.75,6,Mixta,111.78,0,6.3,18.7,35.43
376,Trigo,2023-03-10,2.0,1.51,4365.29,4,Química,295.51,1,9.4,22.6,3.52
377,Tomate,2023-09-27,2.38,7.76,1912.36,5,Química,131.31,0,7.5,29.6,34.73
378,Papa,2024-10-31,2.83,2.61,9736.09,5,Química,294.74,0,9.9,24.1,27.38
379,Arroz,2024-02-16,2.06,4.58,3378.49,2,Orgánica,179.2,0,6.1,15.7,8.18
380,Maíz,2025-01-19,4.86,6.43,1692.82,5,Mixta,281.38,1,6.4,11.8,11.89
381,Tomate,2024-07-12,3.31,6.84,3406.62,2,Mixta,225.95,1,6.0,23.5,92.94
382,Maíz,2025-09-13,3.25,3.82,3439.87,4,Química,50.5,1,11.6,12.1,6.88
383,Trigo,2024-11-24,4.75,7.63,8946.94,3,Mixta,243.08,1,9.6,23.6,5.15
384,Papa,2023-06-04,0.57,6.25,3277.91,4,Química,284.91,1,7.2,26.8,20.3
385,Maíz,2025-03-24,3.53,9.79,1917.04,2,Orgánica,235.71,1,4.7,25.0,15.0
386,Tomate,2023-07-04,2.45,3.33,4909.63,1,Química,159.6,0,8.7,22.3,82.34
387,Arroz,2024-06-25,1.59,7.43,1822.52,1,Orgánica,254.59,0,9.9,10.3,5.77
388,Tomate,2025-07-20,1.46,3.44,3228.04,3,Orgánica,164.74,0,5.7,21.9,75.22
389,Trigo,2024-06-20,2.17,4.0,8964.68,7,Mixta,255.75,0,6.3,25.7,4.83
390,Tomate,2025-01-30,2.81,3.28,9888.94,3,Química,242.69,0,11.4,21.7,72.49
391,Papa,2024-04-23,1.71,4.32,9058.11,1,Mixta,58.75,0,7.6,22.6,24.09
392,Arroz,2024-11-02,3.67,4.85,4982.91,4,Orgánica,86.1,0,4.5,26.5,5.75
393,Tomate,2023-05-10,2.5,1.2,3709.41,7,Orgánica,64.04,1,4.2,14.2,51.16
394,Arroz,2024-09-10,3.71,1.1,4679.0,6,Mixta,89.87,1,8.1,25.7,10.0
395,Arroz,2023-10-14,3.86,7.49,8438.39,3,Orgánica,77.61,0,4.1,28.5,6.66
396,Papa,2024-09-15,2.99,3.29,7682.78,2,Orgánica,257.14,0,10.6,14.3,37.02
397,Arroz,2023-07-19,4.04,6.69,4361.68,2,Orgánica,285.28,0,6.5,28.1,4.6
398,Maíz,2023-10-05,4.23,4.14,5694.39,5,Mixta,219.24,0,6.8,19.2,10.08
399,Arroz,2025-01-29,0.56,3.66,5132.7,7,Química,94.81,1,7.1,19.8,7.11
400,Tomate,2023-11-13,3.83,8.77,5787.0,4,Química,178.73,1,8.3,16.9,65.08
401,Arroz,2023-07-22,3.8,8.93,2093.46,7,Mixta,76.34,1,4.9,14.2,6.34
402,Arroz,2025-04-15,1.25,3.19,3408.41,6,Mixta,104.89,1,8.6,29.7,7.16
403,Trigo,2025-01-28,3.89,8.84,7110.81,7,Orgánica,238.4,0,8.0,18.2,7.58
404,Maíz,2025-06-29,3.34,5.79,2038.55,1,Química,173.93,0,6.7,12.9,12.28
405,Maíz,2023-07-23,1.43,4.53,9061.07,7,Química,243.25,0,7.4,10.4,12.93
406,Trigo,2025-01-04,0.81,5.27,6046.1,5,Mixta,105.48,1,6.0,10.2,6.86
407,Papa,2024-07-19,2.91,8.53,8392.5,1,Química,171.27,0,6.3,20.6,30.03
408,Maíz,2025-07-20,4.19,4.64,5359.1,3,Orgánica,68.92,1,9.2,10.3,8.2
409,Papa,2024-03-10,1.44,1.38,5313.34,7,Mixta,185.44,1,10.8,20.9,40.0
410,Tomate,2023-04-14,2.53,5.62,9902.96,4,Orgánica,299.3,0,4.3,18.9,36.65
411,Trigo,2023-09-15,3.78,6.48,7359.71,4,Orgánica,166.06,1,4.4,17.0,8.0
412,Tomate,2023-05-21,2.21,8.48,8580.93,1,Orgánica,51.33,1,4.8,12.1,35.44
413,Tomate,2024-03-18,3.11,4.83,5932.29,5,Orgánica,137.55,1,8.1,12.8,80.88
414,Maíz,2023-10-30,3.29,7.68,2528.93,1,Química,136.74,1,10.0,28.2,13.62
415,Tomate,2024-07-21,3.19,6.89,9002.15,5,Orgánica,185.41,1,5.3,19.5,86.68
416,Maíz,2024-05-28,1.72,2.82,3824.44,5,Orgánica,103.73,1,10.9,24.5,13.74
417,Maíz,2023-02-22,3.01,6.26,2202.86,3,Orgánica,255.46,1,11.7,18.6,11.58
418,Maíz,2025-01-03,2.9,6.73,7734.1,5,Orgánica,131.13,0,10.6,19.3,8.34
419,Maíz,2024-10-25,3.45,8.41,1568.26,5,Mixta,253.73,1,7.7,29.7,13.92
420,Papa,2024-06-27,3.98,7.73,2355.47,1,Orgánica,166.0,1,4.3,27.6,22.37
421,Papa,2025-05-12,3.01,1.35,7001.63,6,Orgánica,157.25,1,11.1,16.5,40.0
422,Tomate,2023-05-11,4.98,8.43,8603.84,3,Orgánica,253.18,0,4.5,11.9,99.92
423,Arroz,2025-01-11,1.97,7.73,8259.99,2,Química,51.43,0,5.9,10.8,6.66
424,Tomate,2023-08-12,1.09,1.2,4243.84,3,Mixta,151.5,1,6.5,23.1,52.51
425,Arroz,2024-03-29,0.56,7.88,6613.69,4,Mixta,59.73,0,8.1,10.1,10.0
426,Tomate,2025-12-03,2.37,4.62,4515.34,4,Orgánica,297.67,0,9.9,23.5,42.51
427,Trigo,2023-03-05,3.1,6.13,8815.7,3,Química,282.28,0,8.9,22.7,5.16
428,Papa,2025-04-02,2.49,5.45,8749.41,2,Química,228.78,0,8.0,29.0,36.9
429,Arroz,2023-08-10,2.13,8.77,1990.57,3,Mixta,91.84,0,4.4,22.9,10.0
430,Arroz,2025-06-27,0.81,5.99,7730.15,7,Mixta,199.83,0,5.6,10.8,7.85
431,Papa,2024-10-21,2.54,9.54,1545.44,2,Orgánica,244.78,0,5.4,19.1,28.52
432,Tomate,2023-05-15,3.59,9.19,6751.29,2,Orgánica,150.47,0,8.7,26.7,78.77
433,Maíz,2024-10-27,0.85,7.67,1854.18,3,Química,63.0,1,4.5,14.6,14.58
434,Arroz,2025-12-22,3.27,3.22,7216.12,3,Mixta,102.81,0,11.8,23.7,7.03
435,Trigo,2025-11-01,4.1,8.96,2126.99,3,Química,57.51,1,9.5,22.1,6.3
436,Tomate,2023-07-23,4.73,7.98,2151.43,4,Química,66.75,0,7.2,23.4,97.05
437,Papa,2024-03-16,1.88,5.97,8104.68,7,Mixta,102.7,1,7.8,11.1,40.0
438,Arroz,2024-04-12,0.84,4.95,5768.93,5,Química,239.82,1,4.9,10.2,5.08
439,Arroz,2025-07-17,1.43,6.68,2977.36,4,Química,256.65,1,6.8,23.5,4.73
440,Arroz,2023-07-14,1.45,8.28,2322.3,6,Química,266.16,0,6.2,12.0,8.98
441,Trigo,2024-10-02,3.68,6.55,2403.83,6,Química,245.14,1,5.2,22.5,3.94
442,Trigo,2023-11-09,2.7,1.74,5136.26,7,Química,148.93,0,4.5,18.4,4.99
443,Arroz,2023-07-06,3.76,6.17,7004.91,1,Orgánica,265.55,0,4.4,12.5,7.6
444,Papa,2025-06-03,3.94,9.46,1142.41,5,Orgánica,172.35,1,9.2,21.2,35.49
445,Papa,2025-02-02,3.46,2.05,8197.46,7,Mixta,224.63,0,10.1,12.5,21.32
446,Maíz,2023-05-03,4.78,2.58,6109.55,1,Mixta,178.22,1,9.2,14.6,11.96
447,Tomate,2024-11-06,2.17,6.96,2271.01,6,Mixta,263.68,0,6.2,14.4,44.94
448,Papa,2024-12-25,4.22,3.57,9344.11,7,Química,192.82,0,10.3,15.1,39.24
449,Arroz,2023-04-16,4.52,4.04,7565.17,5,Mixta,248.98,1,11.9,10.5,6.08
450,Trigo,2024-10-01,2.84,5.7,6300.4,4,Mixta,50.16,0,8.8,11.1,4.56
451,Trigo,2025-11-05,1.54,3.39,5989.04,5,Orgánica,73.44,1,5.9,29.0,7.9
452,Maíz,2025-09-14,3.24,9.32,8072.31,5,Orgánica,167.02,0,10.2,24.0,11.94
453,Maíz,2024-12-18,3.92,5.62,7336.75,5,Orgánica,242.36,0,9.7,19.5,12.58
454,Tomate,2023-08-24,3.93,1.41,6819.4,3,Química,203.78,0,7.7,25.5,40.57
455,Trigo,2024-04-08,3.32,3.51,8676.84,1,Mixta,259.8,0,10.4,25.1,3.81
456,Arroz,2023-02-23,2.01,5.19,7960.43,1,Mixta,202.08,1,11.4,23.9,9.14
457,Tomate,2024-07-01,1.4,1.5,6116.18,7,Mixta,243.19,1,8.5,27.1,97.58
458,Papa,2024-07-13,4.67,4.29,3862.45,5,Orgánica,256.71,1,4.7,15.7,26.23
459,Trigo,2024-12-19,1.82,3.99,3643.98,3,Química,209.27,0,8.9,23.6,4.18
460,Papa,2023-10-21,4.32,9.52,8963.7,4,Orgánica,137.6,0,6.3,29.3,15.26
461,Tomate,2025-03-31,3.72,7.36,6604.21,6,Mixta,248.62,1,6.7,11.6,65.97
462,Papa,2023-03-04,1.67,4.09,8511.15,7,Orgánica,296.21,1,7.0,28.6,17.04
463,Papa,2025-12-22,0.92,2.47,6356.92,7,Mixta,292.02,0,11.3,13.8,16.2
464,Maíz,2025-05-09,0.77,9.14,6827.65,2,Química,94.3,1,10.5,25.1,6.31
465,Arroz,2023-11-19,0.53,2.91,6971.71,2,Química,229.28,0,11.1,27.9,9.93
466,Trigo,2024-10-26,1.91,7.22,3444.7,1,Química,232.43,0,6.7,18.6,7.56
467,Tomate,2023-06-23,1.04,7.61,5783.09,6,Mixta,220.54,1,6.4,21.9,68.55
468,Papa,2023-11-19,1.24,2.05,5920.26,1,Orgánica,61.31,1,9.9,23.2,40.0
469,Tomate,2023-06-17,4.19,6.1,6913.27,3,Orgánica,152.71,1,6.6,10.2,90.49
470,Trigo,2025-05-18,4.1,1.94,6191.72,7,Química,140.39,0,11.8,14.3,2.45
471,Arroz,2025-06-24,3.18,7.65,1291.99,6,Mixta,265.87,1,4.8,13.5,8.01
472,Arroz,2024-03-17,1.83,9.44,8368.66,2,Química,248.39,0,11.8,18.6,6.71
473,Tomate,2024-12-07,0.73,1.47,7228.1,7,Orgánica,104.56,0,8.9,15.1,71.84
474,Arroz,2024-08-03,2.12,8.41,8386.27,6,Orgánica,273.97,1,6.9,26.1,6.15
475,Tomate,2025-12-15,1.44,1.76,5200.24,6,Química,278.22,0,5.8,17.6,90.92
476,Trigo,2024-03-27,4.21,4.46,5132.12,5,Orgánica,101.06,1,4.9,28.7,6.29
477,Arroz,2023-04-23,2.89,1.29,5280.37,4,Mixta,112.44,0,9.3,29.4,7.9
478,Papa,2024-09-09,3.72,1.62,4759.0,7,Orgánica,178.08,0,11.5,23.2,18.12
479,Maíz,2024-06-07,2.1,5.96,4628.87,4,Orgánica,253.67,0,7.5,28.0,14.62
480,Trigo,2023-09-03,2.5,7.75,5784.95,6,Química,119.52,0,7.2,13.6,2.94
481,Papa,2025-05-31,4.22,1.38,4772.65,4,Química,179.57,1,8.5,14.6,28.96
482,Maíz,2025-02-17,3.79,9.62,2984.01,7,Orgánica,283.58,0,7.0,16.3,8.25
483,Tomate,2024-04-16,0.91,3.83,1387.47,5,Mixta,157.11,1,7.6,27.9,82.26
484,Tomate,2024-12-26,0.54,9.49,3134.3,4,Mixta,144.76,0,8.0,18.7,52.33
485,Papa,2023-03-28,2.96,3.47,9114.25,6,Química,131.3,0,8.5,26.6,33.48
486,Arroz,2025-07-30,3.64,3.92,3105.07,3,Orgánica,136.45,1,10.6,18.8,5.29
487,Papa,2025-05-29,2.22,6.57,5089.63,2,Química,56.44,1,5.5,19.2,28.71
488,Tomate,2025-05-05,1.87,2.78,1591.23,5,Química,105.67,0,8.0,28.3,84.34
489,Trigo,2025-04-09,1.09,6.09,4980.27,2,Orgánica,274.49,0,9.5,16.8,7.53
490,Papa,2023-12-18,0.74,2.44,4020.61,2,Química,108.45,0,10.6,29.0,23.76
491,Tomate,2025-01-11,1.69,3.52,3499.47,1,Química,154.91,1,5.7,18.4,34.17
492,Papa,2023-08-05,4.36,7.58,9520.8,1,Química,246.84,0,6.0,24.0,26.07
493,Maíz,2025-03-31,3.05,1.06,1556.97,3,Química,227.36,0,10.0,12.6,10.33
494,Tomate,2025-03-21,1.38,1.84,4694.46,3,Orgánica,251.41,0,6.5,15.2,36.13
495,Trigo,2024-11-26,0.9,2.74,1455.03,7,Mixta,267.67,1,6.2,16.6,6.79
496,Maíz,2023-12-11,4.42,7.83,7547.76,7,Química,148.64,1,8.4,14.3,7.44
497,Papa,2023-08-22,1.83,9.2,5926.73,1,Mixta,117.04,1,7.3,12.5,21.48
498,Tomate,2024-02-02,4.22,6.26,4037.79,2,Mixta,98.36,1,11.8,16.9,63.96
499,Trigo,2023-10-30,1.9,2.1,2000.23,6,Química,110.13,0,10.3,12.8,5.38
500,Maíz,2023-10-27,0.98,1.41,6907.47,3,Orgánica,140.12,1,4.3,29.8,5.46
501,Trigo,2023-12-22,2.5,5.54,2055.52,2,Orgánica,248.45,1,10.1,20.1,6.62
502,Tomate,2023-06-04,4.93,7.91,4909.25,2,Orgánica,156.87,1,9.3,20.0,85.38
503,Maíz,2025-10-08,0.61,4.87,3510.44,3,Mixta,189.05,1,8.8,20.5,8.73
504,Arroz,2025-07-08,2.62,5.43,2755.08,7,Mixta,102.58,1,10.3,22.0,8.19
505,Tomate,2024-10-23,0.77,3.59,1839.44,3,Mixta,261.72,1,5.2,27.8,100.0
506,Trigo,2025-06-19,3.95,1.05,1012.12,4,Orgánica,118.98,0,4.1,19.3,8.0
507,Papa,2025-06-24,1.96,6.95,6870.12,7,Química,64.99,1,5.7,12.4,33.51
508,Trigo,2023-04-26,1.01,9.97,2651.07,1,Química,282.21,1,5.0,10.6,6.09
509,Trigo,2023-06-01,4.13,8.58,5344.42,2,Mixta,156.6,1,9.8,19.9,6.92
510,Trigo,2025-07-14,4.12,4.58,8253.81,5,Química,194.22,0,4.2,17.3,5.54
511,Papa,2025-01-25,4.28,2.15,8201.86,2,Orgánica,151.65,1,10.8,29.8,35.89
512,Trigo,2023-07-04,4.03,9.95,6449.33,1,Orgánica,259.38,1,11.6,15.9,2.17
513,Tomate,2025-11-04,1.72,2.96,6956.51,3,Mixta,198.37,0,4.3,23.7,100.0
514,Arroz,2023-03-26,4.27,2.15,2136.44,7,Química,73.6,0,7.7,20.0,6.21
515,Arroz,2024-01-21,4.52,6.8,3594.26,6,Mixta,79.55,0,4.1,16.5,8.08
516,Trigo,2025-09-01,1.17,1.83,8337.49,5,Mixta,289.41,0,11.2,21.1,7.73
517,Tomate,2023-05-07,2.23,7.0,9899.52,3,Orgánica,110.07,0,7.8,12.8,35.67
518,Arroz,2024-12-04,4.23,9.79,4642.53,6,Orgánica,268.4,0,11.1,19.3,6.34
519,Papa,2023-12-20,2.64,3.86,5401.32,4,Mixta,220.55,0,9.6,17.3,37.63
520,Papa,2025-06-15,3.5,2.08,6153.79,4,Orgánica,238.37,1,7.4,29.9,17.83
521,Arroz,2025-12-06,4.01,7.06,7907.49,4,Mixta,160.76,0,10.4,14.7,5.74
522,Tomate,2025-01-15,2.98,5.71,3540.36,7,Orgánica,196.39,1,10.2,23.0,97.37
523,Trigo,2025-03-04,4.89,5.27,1600.24,3,Química,209.44,0,11.5,20.5,3.89
524,Arroz,2023-04-18,2.3,6.39,6876.55,4,Química,274.48,1,8.4,12.7,9.84
525,Trigo,2024-11-06,0.84,9.17,9969.09,4,Orgánica,225.43,1,6.7,28.8,5.33
526,Papa,2025-03-02,3.8,9.32,9776.62,5,Mixta,225.53,0,11.7,22.6,40.0
527,Trigo,2023-11-04,3.54,3.77,4330.22,1,Química,112.72,0,6.5,21.6,4.41
528,Trigo,2023-10-17,4.17,5.2,1690.51,6,Orgánica,90.48,1,8.0,12.1,2.77
529,Trigo,2025-03-13,4.73,8.85,5068.78,1,Química,153.71,1,8.9,22.3,5.39
530,Maíz,2023-06-23,2.29,5.1,4734.64,7,Mixta,212.19,1,5.6,13.6,8.25
531,Trigo,2025-02-10,2.86,2.0,8813.52,1,Mixta,81.71,0,9.4,10.8,6.31
532,Trigo,2025-12-14,3.64,2.93,1377.68,2,Orgánica,267.98,0,4.9,15.1,3.89
533,Papa,2025-05-17,2.88,7.11,6334.94,1,Mixta,149.08,1,11.0,21.2,40.0
534,Tomate,2023-02-07,2.17,6.53,5712.97,6,Química,238.78,0,8.0,14.0,52.05
535,Trigo,2024-01-05,4.06,9.24,4238.15,2,Química,119.27,0,9.4,16.5,8.0
536,Maíz,2025-09-22,1.97,4.55,6430.01,6,Química,167.38,1,8.6,28.7,12.32
537,Maíz,2023-10-09,2.67,8.29,9554.8,3,Orgánica,135.46,1,4.7,26.3,8.04
538,Maíz,2024-08-28,1.09,4.96,6795.61,5,Orgánica,79.11,1,8.8,28.0,9.28
539,Papa,2025-12-14,1.47,4.98,1435.26,2,Mixta,160.29,0,8.7,17.1,40.0
540,Papa,2024-11-20,3.0,8.43,6683.13,1,Mixta,161.35,0,7.3,29.2,30.85
541,Tomate,2025-02-10,3.22,2.98,6630.86,1,Orgánica,55.26,1,4.5,22.1,92.97
542,Maíz,2024-01-06,2.86,3.04,6998.7,7,Orgánica,206.33,0,5.3,13.7,7.02
543,Tomate,2025-06-15,2.24,1.46,4580.14,5,Orgánica,288.1,0,7.1,26.8,40.17
544,Papa,2025-01-16,2.78,1.56,1640.4,7,Química,180.11,0,11.0,21.2,40.0
545,Maíz,2024-08-06,0.72,1.88,1396.59,1,Química,275.69,0,9.2,10.9,15.0
546,Arroz,2025-12-29,4.29,3.67,1694.69,4,Orgánica,296.01,1,5.0,20.4,5.92
547,Maíz,2025-08-18,2.11,9.91,7158.83,3,Química,61.74,1,7.1,21.1,6.24
548,Maíz,2025-06-21,0.52,7.03,6776.38,3,Química,241.49,0,7.3,10.5,8.35
549,Arroz,2025-02-21,1.3,1.89,9610.48,6,Química,232.16,1,4.9,19.8,5.43
550,Tomate,2025-05-07,0.73,6.56,2870.05,2,Mixta,186.73,1,6.7,25.6,70.87
551,Maíz,2023-10-11,3.32,6.83,8593.8,7,Orgánica,110.17,1,11.7,24.6,10.92
552,Trigo,2025-09-11,3.34,7.66,6510.48,6,Orgánica,98.69,1,9.8,18.4,6.03
553,Trigo,2023-07-30,4.25,8.24,8797.81,1,Mixta,289.3,0,5.1,18.3,6.01
554,Tomate,2024-08-06,2.31,5.68,9968.74,4,Orgánica,218.86,1,12.0,10.2,85.22
555,Papa,2024-07-12,3.07,4.91,2148.13,1,Orgánica,102.08,0,6.4,24.6,35.17
556,Arroz,2023-10-29,3.15,9.45,4148.69,7,Mixta,90.36,0,5.6,16.3,5.9
557,Arroz,2024-03-30,0.81,8.45,3290.86,7,Orgánica,245.05,1,9.6,16.6,9.34
558,Arroz,2023-02-24,2.36,2.76,5618.58,5,Química,172.04,0,6.5,28.2,4.37
559,Arroz,2025-03-22,3.62,2.64,3871.41,1,Orgánica,174.06,0,5.9,11.8,6.09
560,Tomate,2024-04-27,0.97,2.16,6164.66,1,Química,72.86,1,9.7,17.2,44.06
561,Arroz,2025-02-06,1.64,6.78,3479.83,1,Orgánica,265.42,0,8.7,16.3,8.56
562,Maíz,2024-10-14,4.14,6.5,3661.73,1,Orgánica,193.03,0,5.3,13.6,13.29
563,Papa,2024-11-17,2.23,4.92,6346.45,5,Mixta,156.62,1,10.7,13.5,36.49
564,Maíz,2023-03-20,3.98,7.43,6210.8,4,Orgánica,140.09,0,4.1,23.0,12.27
565,Trigo,2023-10-12,4.09,9.39,1181.24,3,Química,189.35,0,7.7,21.3,6.28
566,Arroz,2023-01-11,3.56,9.39,9972.54,2,Química,102.1,0,11.0,11.0,5.66
567,Papa,2024-06-08,4.54,3.31,2985.86,5,Orgánica,56.15,1,8.0,23.5,22.69
568,Maíz,2025-12-16,3.91,7.84,3813.38,4,Orgánica,102.42,1,10.4,11.7,9.31
569,Arroz,2024-08-13,2.18,8.98,2362.34,7,Orgánica,291.41,1,4.4,13.6,10.0
570,Maíz,2023-09-07,2.43,6.69,7535.0,3,Química,128.05,1,5.7,16.3,12.29
571,Papa,2025-05-09,2.29,1.06,5710.66,6,Orgánica,245.85,1,10.6,25.9,25.47
572,Tomate,2023-05-09,3.94,2.29,6919.45,4,Química,144.17,0,10.3,28.1,49.69
573,Papa,2023-02-03,4.16,1.74,6399.71,3,Química,268.87,0,11.4,27.4,35.32
574,Tomate,2024-05-10,1.73,9.21,1877.57,6,Mixta,220.64,0,4.4,23.4,50.92
575,Maíz,2025-05-29,1.6,3.75,1573.16,3,Química,265.35,1,7.6,11.7,12.18
576,Papa,2024-12-23,1.56,9.49,8841.26,6,Mixta,264.63,0,11.9,22.0,19.17
577,Maíz,2025-05-03,3.41,6.62,6745.16,5,Mixta,63.41,0,11.7,14.4,6.3
578,Maíz,2023-06-25,1.38,8.38,7089.8,1,Mixta,97.3,1,8.6,16.2,11.66
579,Tomate,2023-05-19,4.07,9.83,9392.4,7,Química,76.35,1,7.8,24.1,100.0
580,Tomate,2025-11-05,1.14,3.74,2253.22,2,Mixta,151.94,1,6.6,11.4,60.69
581,Tomate,2023-02-11,4.38,3.1,7256.69,6,Mixta,285.51,0,5.1,29.6,74.32
582,Arroz,2023-03-31,4.98,9.2,2993.66,2,Química,142.28,1,8.2,13.4,5.42
583,Arroz,2024-06-03,2.58,1.3,2096.99,1,Química,84.59,1,7.2,19.5,7.47
584,Papa,2023-05-19,4.41,5.77,5211.82,5,Química,246.27,0,11.2,27.1,32.48
585,Trigo,2023-08-01,1.12,3.49,1414.57,4,Orgánica,178.22,1,10.0,16.2,7.8
586,Tomate,2024-11-11,1.67,1.01,4387.73,5,Mixta,101.06,0,10.9,12.1,73.65
587,Maíz,2024-12-22,2.81,3.53,8400.05,5,Orgánica,80.09,1,11.0,24.5,8.07
588,Tomate,2023-12-25,3.68,3.77,3179.57,3,Química,143.71,1,9.7,14.7,86.63
589,Arroz,2025-09-07,4.63,1.97,3093.73,2,Mixta,97.47,1,9.0,11.6,7.63
590,Maíz,2023-05-10,3.83,7.18,8335.65,1,Orgánica,265.36,0,9.4,10.6,10.87
591,Arroz,2024-08-23,0.67,8.27,3886.52,7,Orgánica,238.64,1,10.3,27.7,6.72
592,Maíz,2024-02-13,4.38,3.4,5811.95,1,Orgánica,51.75,1,11.6,12.4,5.61
593,Papa,2024-09-27,4.57,1.62,9927.0,6,Química,110.29,1,8.3,13.7,27.0
594,Tomate,2025-08-27,0.78,3.02,4269.46,5,Química,268.98,1,10.5,24.7,74.56
595,Trigo,2024-01-27,4.28,4.05,7380.09,2,Orgánica,124.52,1,9.4,26.9,8.0
596,Trigo,2023-04-08,3.73,3.55,3936.54,2,Química,277.36,0,4.3,27.3,2.79
597,Trigo,2023-09-12,1.27,5.29,7640.92,4,Química,160.02,1,4.1,20.2,7.16
598,Trigo,2025-03-30,4.71,9.18,8376.62,7,Química,295.2,0,6.3,15.8,4.26
599,Arroz,2024-11-25,2.27,5.9,2438.92,3,Química,225.23,1,6.5,20.1,9.49
600,Maíz,2025-10-15,3.83,6.81,2401.96,5,Química,150.37,0,7.0,18.3,5.67
601,Trigo,2024-06-30,1.73,9.6,9582.69,2,Mixta,233.68,1,5.4,17.8,8.0
602,Papa,2025-05-19,1.14,7.87,1978.14,7,Mixta,205.06,1,10.2,16.9,35.55
603,Papa,2024-01-05,1.36,2.31,9442.58,7,Química,236.43,1,9.0,26.2,17.57
604,Tomate,2024-10-19,2.01,3.82,6720.81,7,Química,204.79,1,8.8,26.3,59.62
605,Papa,2024-11-02,1.1,2.77,3137.35,2,Orgánica,191.1,1,8.8,23.9,27.34
606,Trigo,2025-07-02,4.21,2.84,5221.37,2,Química,168.13,0,4.9,27.7,4.18
607,Tomate,2025-05-22,3.58,1.23,7210.42,1,Mixta,263.41,0,8.9,14.8,62.96
608,Maíz,2025-06-28,0.86,2.32,3681.8,1,Mixta,107.9,0,4.0,19.7,7.08
609,Trigo,2023-03-28,1.88,9.33,2455.25,6,Química,101.45,0,5.9,18.9,3.88
610,Trigo,2025-06-09,0.86,8.89,7559.83,4,Mixta,279.12,1,5.6,27.8,2.91
611,Trigo,2023-04-28,0.52,5.52,6248.15,7,Mixta,270.22,0,6.5,20.0,3.64
612,Papa,2025-04-11,4.43,1.78,5386.46,2,Mixta,135.53,1,9.0,26.6,22.45
613,Trigo,2023-11-24,4.63,5.98,3693.09,4,Mixta,252.95,0,9.8,25.9,7.87
614,Papa,2025-06-16,4.94,8.12,6412.46,6,Orgánica,235.41,1,4.3,24.9,28.28
615,Papa,2023-05-18,0.59,1.56,4487.2,5,Orgánica,166.05,1,9.1,13.7,35.44
616,Maíz,2025-01-20,2.96,2.84,3627.2,2,Mixta,56.72,1,5.7,29.3,13.54
617,Trigo,2023-03-08,4.81,4.84,5275.9,4,Química,290.53,0,9.7,15.0,4.77
618,Tomate,2025-07-10,1.06,2.85,1008.49,2,Orgánica,55.52,0,5.9,23.3,95.97
619,Trigo,2025-06-28,2.98,2.38,7553.05,3,Química,173.09,1,10.2,29.5,5.72
620,Papa,2023-10-09,2.04,6.84,1615.97,4,Mixta,79.85,1,10.7,22.3,26.81
621,Tomate,2025-03-26,1.36,6.0,6255.27,4,Química,267.41,0,4.7,17.1,81.51
622,Trigo,2024-07-24,1.73,8.45,7658.81,5,Mixta,183.84,0,5.1,15.7,5.36
623,Maíz,2023-02-23,3.87,8.53,7339.02,2,Orgánica,216.73,0,6.5,15.3,12.32
624,Maíz,2025-11-26,1.37,1.83,5790.01,2,Química,231.52,0,10.3,26.2,10.32
625,Arroz,2023-08-30,0.76,2.57,7366.84,5,Mixta,204.3,1,8.7,12.5,5.22
626,Trigo,2025-07-02,3.75,2.65,3955.47,3,Química,205.84,0,6.0,18.2,3.86
627,Maíz,2024-08-07,1.11,7.55,8318.33,4,Mixta,71.24,1,8.1,27.1,13.79
628,Arroz,2023-09-09,4.12,2.23,1627.47,4,Orgánica,280.66,0,6.3,24.5,9.47
629,Maíz,2025-07-14,4.38,3.84,8669.91,6,Orgánica,53.0,0,9.0,11.3,8.41
630,Maíz,2025-06-30,3.53,4.04,2616.4,1,Mixta,109.15,1,7.8,25.7,14.62
631,Papa,2024-10-16,2.56,8.61,2028.13,2,Mixta,176.23,1,7.0,29.6,29.69
632,Trigo,2023-05-13,4.06,4.62,4824.58,7,Mixta,79.49,1,8.4,28.9,3.87
633,Tomate,2024-08-17,0.95,4.54,6550.41,3,Mixta,194.4,1,9.2,17.0,84.79
634,Trigo,2023-12-23,4.48,3.08,4638.17,1,Orgánica,291.57,1,8.5,20.3,4.21
635,Trigo,2024-04-04,2.83,8.63,7166.57,6,Mixta,170.5,0,6.1,13.4,2.7
636,Papa,2023-10-12,2.39,2.02,2547.21,5,Orgánica,91.15,1,6.0,16.9,39.26
637,Maíz,2023-02-23,3.02,5.63,1896.22,3,Química,235.86,1,7.0,22.1,6.27
638,Trigo,2025-01-25,3.57,9.39,6180.99,7,Mixta,195.43,1,10.4,13.2,5.76
639,Arroz,2023-09-23,1.36,7.47,3443.95,6,Mixta,127.42,1,7.8,23.4,7.28
640,Tomate,2023-05-15,1.84,6.63,2393.72,6,Orgánica,168.54,0,9.6,28.9,100.0
641,Trigo,2025-09-07,2.53,3.27,4985.46,7,Química,102.27,0,11.6,16.8,8.0
642,Tomate,2025-04-18,4.27,8.28,3861.14,4,Química,161.46,0,6.4,10.7,65.38
643,Tomate,2023-09-14,2.31,6.71,6590.68,3,Orgánica,83.42,1,5.5,18.9,69.4
644,Trigo,2023-06-01,4.16,1.89,4857.8,5,Mixta,133.04,1,9.0,28.5,8.0
645,Arroz,2025-11-25,0.65,3.12,3792.76,5,Química,146.81,0,5.6,29.1,9.51
646,Trigo,2024-01-08,0.71,4.05,4646.34,2,Orgánica,250.46,0,9.1,27.0,6.77
647,Maíz,2025-10-26,2.94,6.88,3465.9,6,Química,148.44,0,5.1,14.9,7.92
648,Papa,2025-11-27,4.66,3.07,3603.2,1,Orgánica,92.01,1,4.9,29.1,38.87
649,Maíz,2023-12-04,3.1,7.07,1149.94,6,Química,216.18,1,4.6,15.6,11.18
650,Maíz,2024-04-06,1.65,9.41,2179.53,6,Química,59.6,0,10.0,16.2,10.87
651,Trigo,2024-08-04,4.36,5.2,4237.48,1,Mixta,249.45,0,7.5,28.8,4.08
652,Papa,2024-02-07,2.64,7.81,7202.09,2,Química,265.74,0,7.4,12.2,16.23
653,Tomate,2023-09-14,3.77,8.87,2986.41,6,Química,189.42,0,10.6,16.2,62.25
654,Trigo,2025-12-28,2.76,8.56,6857.5,5,Mixta,98.17,1,8.1,24.3,8.0
655,Papa,2023-12-12,1.41,1.09,1677.71,3,Mixta,284.98,0,4.1,19.1,25.61
656,Tomate,2023-11-12,0.74,5.05,3292.74,3,Mixta,295.93,0,8.2,12.5,100.0
657,Maíz,2024-11-22,3.36,7.89,1712.92,1,Mixta,243.62,0,5.5,18.3,15.0
658,Tomate,2023-02-28,2.56,3.61,6057.42,5,Orgánica,240.47,0,8.5,25.8,100.0
659,Papa,2024-06-26,1.63,5.59,9179.79,7,Orgánica,133.95,0,11.6,11.1,39.04
660,Maíz,2025-05-03,0.73,5.93,9013.97,5,Mixta,85.7,1,6.6,29.0,14.32
661,Tomate,2023-03-04,3.69,6.29,8385.33,3,Mixta,70.64,0,9.8,17.2,38.77
662,Arroz,2024-08-16,0.83,2.04,8827.13,7,Mixta,228.22,1,6.7,21.4,10.0
663,Trigo,2024-05-16,0.53,8.3,9535.33,7,Química,192.55,1,11.7,20.8,2.3
664,Arroz,2025-07-17,1.66,5.05,7236.18,1,Química,103.29,1,6.3,20.8,8.02
665,Papa,2023-05-03,2.33,2.52,9797.11,5,Mixta,64.44,1,8.8,14.5,31.54
666,Maíz,2025-05-01,3.63,5.64,9912.57,4,Química,83.33,1,10.2,13.4,9.29
667,Arroz,2024-02-22,2.06,4.89,8036.02,4,Química,248.5,1,10.4,16.8,9.08
668,Trigo,2023-10-22,1.34,7.76,3123.97,3,Mixta,52.27,1,5.5,20.3,8.0
669,Trigo,2024-10-15,0.86,7.36,6889.12,1,Mixta,192.3,1,7.6,28.5,6.64
670,Trigo,2023-09-25,2.25,2.18,3362.37,1,Química,266.77,1,5.0,22.0,5.91
671,Trigo,2023-08-06,2.81,7.21,8537.05,1,Mixta,272.25,1,8.2,23.8,4.34
672,Trigo,2025-08-13,3.81,1.46,1443.65,1,Orgánica,138.37,0,4.4,29.0,6.45
673,Papa,2025-07-09,0.53,7.87,5626.74,2,Química,161.18,1,9.1,25.7,28.55
674,Maíz,2023-07-18,0.51,8.65,4428.01,7,Orgánica,219.22,1,7.9,29.7,8.02
675,Papa,2025-02-25,2.28,7.18,8333.14,5,Química,165.08,0,11.5,23.5,19.25
676,Tomate,2024-05-23,0.81,5.35,2980.81,5,Química,186.2,1,4.7,24.3,52.97
677,Maíz,2024-10-02,3.92,7.5,1066.53,5,Química,141.67,1,10.9,27.4,9.65
678,Maíz,2025-10-17,2.5,3.73,7449.46,3,Orgánica,116.7,1,7.5,11.8,12.84
679,Tomate,2025-10-18,0.56,6.8,2645.78,1,Química,65.23,0,11.9,25.6,50.53
680,Trigo,2023-02-17,1.29,8.8,4997.66,3,Química,252.91,0,10.5,29.7,7.61
681,Papa,2025-11-01,4.33,1.47,1939.74,5,Química,202.42,1,7.7,17.9,27.88
682,Arroz,2024-03-16,3.06,1.02,3346.38,2,Orgánica,194.83,0,5.4,20.9,8.96
683,Tomate,2023-04-10,2.5,1.24,5043.41,5,Química,127.56,0,5.0,23.0,35.37
684,Papa,2025-10-10,2.51,5.99,3681.59,5,Química,266.93,0,6.4,22.4,23.67
685,Tomate,2025-08-21,4.55,6.66,4947.84,1,Mixta,258.58,0,10.1,15.3,95.39
686,Trigo,2023-01-17,1.63,8.41,1767.42,5,Mixta,158.75,0,6.4,15.3,4.82
687,Papa,2023-10-02,5.0,2.98,1928.95,6,Química,86.38,1,8.2,23.3,23.91
688,Trigo,2025-01-19,4.6,4.92,2161.78,4,Mixta,206.51,0,6.5,22.4,3.66
689,Arroz,2023-04-03,2.5,9.09,2201.81,5,Química,285.75,1,11.8,19.1,7.77
690,Arroz,2024-02-03,3.07,9.39,8723.86,2,Orgánica,135.24,1,7.7,25.8,8.49
691,Trigo,2024-08-14,3.44,9.98,1674.64,1,Mixta,259.09,0,6.8,10.4,2.76
692,Papa,2025-10-29,3.56,8.91,5628.04,3,Química,212.55,0,10.1,25.0,31.82
693,Arroz,2024-07-26,1.46,1.87,1578.15,5,Mixta,164.84,0,10.9,19.3,9.79
694,Tomate,2023-09-01,4.76,3.48,4581.64,5,Mixta,66.51,1,11.3,29.6,84.2
695,Maíz,2025-03-17,4.18,7.75,7295.81,7,Orgánica,117.04,1,6.7,23.3,6.52
696,Trigo,2025-01-18,0.55,2.26,7441.62,5,Química,162.26,0,8.0,27.4,6.42
697,Maíz,2025-11-08,2.75,6.15,2235.04,1,Orgánica,269.28,1,7.6,23.4,9.29
698,Arroz,2023-03-24,1.64,6.68,1224.86,4,Mixta,178.51,1,7.5,16.8,8.27
699,Papa,2023-10-08,0.91,7.81,6241.92,4,Orgánica,97.06,1,7.2,29.0,25.66
700,Trigo,2025-11-29,1.06,5.73,1985.42,7,Química,254.87,0,8.3,15.7,8.0
701,Arroz,2025-11-21,4.85,4.97,3343.63,4,Orgánica,195.19,0,9.5,27.9,8.3
702,Maíz,2024-10-14,1.78,7.24,3752.32,1,Química,264.65,0,4.6,20.3,9.12
703,Maíz,2024-09-04,1.98,6.42,3900.92,5,Química,245.37,1,9.3,26.2,12.32
704,Tomate,2025-11-04,2.74,9.55,3699.45,1,Química,128.54,0,4.3,29.1,46.04
705,Tomate,2025-09-30,4.05,7.97,2959.56,4,Mixta,62.02,0,5.7,12.9,87.28
706,Tomate,2025-08-30,2.75,9.21,2319.53,1,Química,113.34,0,5.3,23.7,77.39
707,Papa,2024-11-09,3.9,3.79,5031.74,3,Química,91.36,0,6.3,15.9,23.86
708,Papa,2024-09-22,3.04,3.27,9237.61,7,Química,269.69,0,4.8,23.1,39.56
709,Papa,2025-08-29,1.26,9.71,5075.95,4,Mixta,97.56,0,6.4,13.8,23.72
710,Trigo,2024-04-11,0.92,2.29,1941.94,2,Mixta,178.32,0,5.1,12.6,6.34
711,Papa,2025-09-10,1.39,1.88,2501.64,4,Mixta,109.21,1,6.8,23.1,32.29
712,Maíz,2025-02-17,3.55,7.14,6658.61,7,Mixta,75.69,1,7.6,27.8,11.57
713,Maíz,2024-05-11,4.25,9.92,2472.55,4,Mixta,51.71,1,11.8,29.7,13.09
714,Papa,2023-08-14,1.6,8.19,1963.26,3,Mixta,264.27,1,7.1,22.6,29.25
715,Maíz,2025-06-22,2.47,3.79,7859.17,2,Orgánica,162.32,0,5.4,27.5,12.75
716,Trigo,2023-11-07,1.64,1.61,3411.98,1,Química,50.93,1,9.8,15.1,6.84
717,Arroz,2024-02-22,0.63,4.38,6640.78,1,Mixta,73.89,0,5.9,23.0,7.3
718,Arroz,2025-08-23,3.18,1.97,1152.22,2,Mixta,278.15,1,10.6,30.0,5.99
719,Papa,2023-10-10,1.69,6.97,9689.04,5,Mixta,70.99,1,10.4,12.7,40.0
720,Tomate,2024-10-27,4.84,2.47,3694.81,6,Orgánica,103.3,0,10.5,17.6,38.76
721,Arroz,2025-02-10,2.04,9.83,6667.15,1,Mixta,227.24,0,11.9,26.4,6.28
722,Trigo,2025-07-30,0.82,1.51,2083.4,4,Orgánica,246.63,1,8.0,26.9,4.82
723,Tomate,2024-12-26,3.69,7.59,2565.67,1,Química,238.21,1,4.6,17.2,75.12
724,Trigo,2025-09-18,4.98,5.27,8344.51,5,Mixta,136.19,1,8.8,27.7,4.93
725,Maíz,2024-07-25,3.22,6.67,4756.45,5,Orgánica,206.69,1,4.1,27.5,7.59
726,Tomate,2024-04-05,1.45,7.62,3880.15,2,Química,90.63,0,5.5,24.3,82.74
727,Trigo,2024-02-29,2.05,1.17,7208.12,3,Química,54.99,1,7.5,20.5,3.46
728,Arroz,2025-09-09,3.88,7.72,2309.66,5,Química,233.05,0,11.9,17.7,5.43
729,Trigo,2024-07-14,2.08,4.96,1623.77,1,Mixta,153.91,1,9.9,10.6,5.96
730,Trigo,2025-02-16,0.74,7.31,1501.55,2,Orgánica,139.69,0,8.1,18.8,3.07
731,Arroz,2023-10-27,1.81,8.82,9140.08,2,Química,229.67,0,9.8,22.4,4.95
732,Trigo,2024-08-12,1.48,3.25,8485.52,6,Orgánica,288.07,0,11.5,22.7,7.92
733,Papa,2025-06-24,2.55,2.34,9369.42,5,Química,161.72,0,6.4,11.0,26.71
734,Trigo,2025-09-08,4.34,9.4,9393.42,3,Mixta,179.32,0,4.2,27.1,4.36
735,Maíz,2024-07-09,3.34,7.43,4868.6,1,Orgánica,93.7,0,11.7,15.8,10.29
736,Tomate,2024-07-10,4.88,1.04,4714.1,4,Mixta,69.66,1,4.2,18.1,51.61
737,Maíz,2024-05-05,2.9,9.96,8204.82,5,Orgánica,109.75,1,4.3,14.1,14.68
738,Maíz,2025-12-23,2.15,1.93,7321.65,3,Orgánica,134.63,0,12.0,27.2,9.26
739,Maíz,2024-04-21,4.91,6.85,7678.2,1,Mixta,80.4,1,6.5,17.4,14.85
740,Papa,2025-04-26,4.15,4.6,9524.38,6,Orgánica,180.06,1,7.9,28.0,38.82
741,Trigo,2025-08-25,0.89,9.43,8429.81,4,Mixta,104.28,1,10.4,27.0,4.12
742,Papa,2023-10-09,4.79,1.45,2349.18,7,Mixta,193.95,1,7.2,29.7,30.73
743,Papa,2023-11-20,2.76,3.32,7312.27,3,Mixta,283.07,0,8.8,16.8,40.0
744,Arroz,2025-09-01,4.56,7.42,8363.31,4,Mixta,221.11,1,10.1,14.2,6.55
745,Arroz,2024-02-13,4.19,5.83,8739.47,3,Mixta,203.28,0,4.7,22.9,9.45
746,Trigo,2024-08-07,3.13,3.4,1282.08,6,Química,254.46,0,11.5,14.1,6.54
747,Papa,2024-04-20,4.4,5.69,7023.39,2,Orgánica,115.17,0,10.8,27.1,18.37
748,Tomate,2023-03-18,0.91,3.36,8872.89,1,Mixta,75.47,0,4.8,22.5,62.37
749,Maíz,2023-12-27,4.05,3.1,6752.82,6,Química,130.01,1,11.0,12.5,14.36
750,Papa,2025-10-11,3.17,2.14,4847.88,2,Química,225.09,0,10.8,21.6,18.72
751,Maíz,2024-08-15,1.36,5.27,4253.38,2,Mixta,183.92,1,8.7,25.9,10.03
752,Papa,2024-09-03,4.12,4.05,1498.9,2,Orgánica,196.98,1,7.9,21.5,23.35
753,Tomate,2023-08-08,4.07,5.38,4006.41,4,Mixta,294.58,1,11.6,16.1,48.44
754,Trigo,2025-07-19,2.57,3.76,1316.43,3,Química,186.03,1,4.7,16.0,6.53
755,Tomate,2025-10-08,1.98,3.5,2659.92,6,Mixta,164.44,1,9.8,11.5,84.37
756,Maíz,2025-08-16,1.57,5.4,3574.81,7,Mixta,190.93,1,11.3,21.7,11.15
757,Trigo,2023-08-19,4.18,7.15,2652.08,7,Orgánica,230.67,1,5.5,15.6,3.71
758,Trigo,2025-07-28,2.84,3.11,2112.1,5,Orgánica,195.82,0,7.0,28.5,5.27
759,Trigo,2024-01-17,1.71,7.32,6930.12,4,Mixta,232.16,1,4.4,12.3,2.19
760,Papa,2024-11-21,5.0,8.22,8080.51,4,Mixta,231.88,0,5.2,15.7,25.62
761,Trigo,2024-01-31,3.9,5.86,1697.35,2,Mixta,205.14,1,7.3,28.7,6.49
762,Maíz,2025-04-10,4.11,5.2,4254.99,3,Mixta,235.09,0,10.3,13.4,10.84
763,Arroz,2024-11-02,2.69,6.63,9515.68,7,Mixta,218.16,0,4.4,11.3,5.38
764,Papa,2023-07-15,0.65,7.69,7509.97,3,Química,216.41,0,5.2,16.0,22.29
765,Maíz,2025-09-04,2.18,3.29,5400.56,1,Orgánica,101.18,0,4.4,12.8,5.69
766,Trigo,2023-01-14,3.32,1.49,8527.96,2,Orgánica,271.39,1,8.5,13.4,3.45
767,Trigo,2024-04-27,1.93,6.34,2891.06,7,Química,77.54,1,4.2,26.1,6.93
768,Arroz,2024-11-06,1.84,2.22,2310.66,5,Química,75.24,1,10.3,28.7,8.56
769,Trigo,2023-01-24,1.2,3.19,8579.74,1,Mixta,288.77,1,9.6,18.1,8.0
770,Trigo,2025-01-06,3.43,1.81,9530.71,4,Mixta,170.92,1,7.2,11.0,5.38
771,Maíz,2023-08-31,1.05,4.61,4156.39,5,Orgánica,76.21,1,5.2,17.3,9.45
772,Arroz,2023-11-24,1.18,8.19,7365.05,4,Química,252.34,0,4.8,22.6,4.96
773,Arroz,2025-10-26,4.94,8.03,4512.15,7,Mixta,173.32,0,8.4,13.5,6.72
774,Trigo,2023-08-29,4.29,6.8,6856.52,3,Mixta,147.67,0,11.4,11.9,5.64
775,Trigo,2024-03-28,3.83,7.81,6460.45,5,Química,249.36,1,4.7,21.1,7.95
776,Maíz,2025-09-06,1.79,3.95,2040.45,4,Orgánica,187.47,0,11.3,23.5,15.0
777,Maíz,2025-02-04,4.47,5.26,5677.17,5,Química,293.69,0,11.2,11.0,13.91
778,Arroz,2025-08-22,2.03,9.1,9467.92,2,Mixta,282.09,1,7.6,26.7,10.0
779,Tomate,2024-03-23,3.99,6.6,6461.14,6,Mixta,98.74,1,10.4,20.2,39.81
780,Maíz,2023-06-17,2.23,5.0,2274.56,1,Mixta,158.03,0,4.7,16.1,14.13
781,Tomate,2025-12-17,4.84,7.46,9933.63,2,Química,270.31,1,9.4,24.0,63.65
782,Trigo,2023-08-18,0.58,7.33,1195.3,3,Orgánica,244.48,1,8.5,20.1,2.3
783,Papa,2025-11-01,2.13,6.41,8637.46,1,Mixta,181.06,1,9.8,16.3,28.1
784,Maíz,2023-11-03,1.38,6.06,3831.08,5,Mixta,57.32,1,9.7,17.2,6.68
785,Maíz,2025-12-01,2.42,4.98,7018.04,1,Química,152.17,1,11.0,14.7,15.0
786,Arroz,2024-02-25,2.24,3.41,4793.6,6,Orgánica,236.19,1,7.3,25.2,10.0
787,Tomate,2023-07-06,3.49,1.95,7048.18,6,Química,256.13,1,10.6,27.4,61.97
788,Tomate,2023-04-24,3.64,3.41,9994.03,7,Química,179.55,1,5.2,25.5,66.27
789,Arroz,2025-11-17,2.51,9.6,9276.71,5,Orgánica,218.4,1,10.8,28.1,7.62
790,Arroz,2023-04-29,3.33,3.31,8207.22,7,Química,91.07,0,4.5,28.3,7.69
791,Tomate,2024-09-23,1.37,6.46,7097.17,1,Química,59.85,0,8.7,29.0,35.47
792,Papa,2024-06-05,0.98,2.56,7211.54,3,Química,111.66,0,9.9,20.2,40.0
793,Papa,2024-03-22,1.7,8.5,4841.11,1,Mixta,231.82,0,9.5,29.8,24.21
794,Tomate,2023-04-03,2.74,3.97,4965.43,2,Orgánica,160.09,1,11.1,14.1,98.62
795,Arroz,2023-05-11,0.77,9.0,3961.66,6,Química,153.43,0,11.5,11.0,6.24
796,Tomate,2023-05-22,4.35,4.56,2792.41,2,Orgánica,271.48,1,11.3,25.2,74.26
797,Arroz,2024-08-10,4.95,5.19,1524.14,6,Orgánica,196.69,0,5.3,29.0,8.6
798,Arroz,2023-10-05,1.71,6.32,7493.04,3,Orgánica,113.04,0,8.1,25.5,7.9
799,Arroz,2025-02-22,2.99,2.03,2135.24,6,Química,117.22,1,6.0,23.1,5.61
800,Arroz,2025-02-08,1.15,10.0,6601.38,1,Química,65.9,1,8.8,11.0,4.94
801,Papa,2023-09-30,0.65,5.49,6405.46,6,Mixta,203.86,0,5.8,23.7,40.0
802,Trigo,2024-01-01,3.61,8.95,9533.79,3,Orgánica,252.87,1,10.8,17.1,3.94
803,Tomate,2025-12-19,4.76,7.54,2977.14,3,Química,211.88,0,8.4,23.0,88.64
804,Maíz,2024-04-01,3.3,5.86,7746.53,3,Mixta,207.47,0,9.0,10.2,7.44
805,Papa,2024-09-03,2.71,9.55,4452.48,7,Orgánica,90.92,0,8.8,16.0,27.06
806,Arroz,2025-05-18,1.48,9.69,2175.71,7,Mixta,56.46,0,8.2,29.3,8.19
807,Tomate,2024-04-15,4.93,8.57,1323.69,3,Química,251.91,1,8.5,15.6,57.17
808,Maíz,2024-12-09,4.65,2.86,8866.98,2,Química,249.77,0,10.8,22.6,13.76
809,Maíz,2024-01-22,1.44,5.83,7634.97,4,Química,102.95,1,11.7,23.5,15.0
810,Papa,2025-05-08,3.78,7.62,1720.16,5,Orgánica,264.59,0,11.2,28.5,15.53
811,Tomate,2024-05-07,0.84,3.25,7023.84,5,Orgánica,65.34,1,8.9,13.8,90.72
812,Maíz,2023-07-26,4.85,3.42,5453.43,1,Orgánica,224.09,0,8.0,12.9,9.7
813,Tomate,2025-07-03,2.0,5.7,6270.89,4,Orgánica,114.68,0,9.7,17.3,36.1
814,Tomate,2023-04-10,3.9,9.6,3161.36,6,Mixta,201.97,1,8.6,13.1,60.6
815,Maíz,2023-04-01,3.64,6.04,4478.16,1,Mixta,236.88,0,4.0,11.6,14.94
816,Arroz,2024-04-24,0.85,7.36,9280.34,4,Química,144.06,1,8.6,27.6,10.0
817,Tomate,2023-04-26,3.83,1.78,7022.39,6,Orgánica,134.92,0,4.4,13.8,85.34
818,Maíz,2024-08-15,2.54,3.71,4456.17,7,Mixta,170.72,0,6.2,12.4,7.9
819,Maíz,2024-10-15,4.64,6.23,5801.32,1,Mixta,286.12,1,10.5,20.5,7.36
820,Tomate,2024-10-18,1.08,5.83,9429.13,3,Mixta,98.84,0,10.1,15.0,34.85
821,Maíz,2023-10-21,0.96,7.56,2797.03,5,Química,155.68,1,9.8,12.3,9.52
822,Tomate,2025-04-26,2.68,5.87,8365.25,4,Orgánica,121.46,1,9.5,21.1,87.11
823,Trigo,2023-05-05,2.35,2.25,6991.89,2,Química,286.97,1,6.7,28.1,5.86
824,Tomate,2023-12-25,0.88,5.05,7807.2,3,Mixta,200.5,1,11.2,15.4,64.8
825,Arroz,2025-10-12,4.54,9.07,7171.41,2,Mixta,157.74,0,10.9,16.4,5.87
826,Papa,2025-02-19,1.58,4.76,3260.73,6,Química,66.39,0,6.4,21.4,27.35
827,Tomate,2025-05-02,2.06,7.72,9041.59,4,Química,133.0,1,7.2,25.9,53.58
828,Arroz,2024-09-06,3.41,8.86,1374.8,4,Orgánica,82.93,0,8.9,20.5,9.9
829,Arroz,2025-08-27,0.7,3.35,8881.86,3,Orgánica,266.1,0,8.1,20.6,6.86
830,Maíz,2024-09-07,1.84,7.14,2870.11,2,Orgánica,247.53,1,7.3,15.7,8.32
831,Maíz,2023-04-29,2.67,7.48,4229.82,5,Química,252.21,1,6.4,10.5,5.19
832,Tomate,2025-05-03,1.52,4.66,8661.35,1,Química,282.48,0,6.0,14.5,55.36
833,Tomate,2023-10-02,2.74,4.95,2964.46,2,Mixta,264.26,0,5.2,24.1,53.43
834,Arroz,2024-06-06,2.61,6.32,8981.57,7,Orgánica,256.9,0,4.3,21.5,9.16
835,Maíz,2023-06-11,0.58,5.95,8719.88,7,Química,164.91,1,4.1,18.3,7.08
836,Arroz,2023-07-09,3.49,7.38,2600.92,5,Química,109.53,1,5.1,25.3,9.45
837,Tomate,2024-01-26,3.38,8.68,7636.36,2,Mixta,219.79,1,10.0,30.0,91.74
838,Papa,2025-02-11,1.01,5.66,6286.13,7,Química,290.72,0,10.7,21.4,40.0
839,Tomate,2023-03-22,1.79,3.52,2437.75,6,Mixta,66.13,1,10.3,28.1,100.0
840,Papa,2024-03-20,1.55,8.93,3954.3,5,Orgánica,267.51,1,4.4,22.1,38.04
841,Arroz,2024-11-12,1.21,1.14,3814.42,2,Orgánica,63.69,1,7.4,21.0,8.46
842,Trigo,2024-03-09,1.73,4.6,8005.05,2,Orgánica,251.27,1,8.5,18.2,4.54
843,Maíz,2023-08-29,1.06,1.96,7195.22,7,Mixta,121.39,0,12.0,13.8,6.94
844,Arroz,2024-02-23,0.94,6.22,6650.77,3,Orgánica,183.85,1,10.4,24.8,7.23
845,Arroz,2024-10-20,2.0,3.85,7965.96,6,Orgánica,63.63,0,10.4,19.5,5.13
846,Trigo,2025-08-12,1.56,9.39,8735.53,1,Química,252.36,1,8.2,29.5,8.0
847,Tomate,2025-01-05,1.47,8.3,2775.18,2,Mixta,81.11,0,7.2,28.6,39.18
848,Trigo,2025-01-06,2.8,9.27,9137.02,2,Química,147.57,1,9.0,13.2,8.0
849,Tomate,2025-08-12,4.62,2.5,2090.4,2,Química,178.61,1,5.5,18.3,68.42
850,Papa,2025-08-19,3.2,1.65,3040.83,7,Mixta,277.1,0,8.8,12.1,29.67
851,Trigo,2025-01-29,3.81,9.93,6662.32,7,Orgánica,67.98,1,11.0,26.3,3.58
852,Trigo,2023-04-04,1.4,7.44,3834.57,2,Química,194.52,1,6.1,18.6,7.13
853,Tomate,2023-10-26,2.01,3.96,3564.22,2,Orgánica,95.16,1,10.2,15.3,90.58
854,Papa,2025-05-05,1.43,3.9,5189.38,2,Química,51.22,1,5.7,17.2,20.87
855,Trigo,2024-02-06,2.79,5.15,9106.84,2,Orgánica,258.72,1,7.9,27.9,7.26
856,Trigo,2025-02-16,0.52,3.88,4795.97,7,Orgánica,220.14,1,4.3,22.9,3.87
857,Tomate,2025-10-19,0.74,3.08,8217.23,3,Orgánica,144.29,1,7.3,29.6,45.36
858,Tomate,2024-11-22,1.47,3.63,2554.82,4,Mixta,277.71,1,4.8,26.2,98.01
859,Trigo,2025-10-01,1.27,8.65,8900.63,3,Química,59.89,0,7.1,15.6,6.33
860,Arroz,2024-12-22,4.38,6.89,5604.32,2,Orgánica,82.19,0,7.6,11.0,7.64
861,Maíz,2025-09-27,2.22,7.81,3750.84,1,Orgánica,266.79,0,4.0,11.4,8.14
862,Maíz,2023-05-01,4.47,2.32,7398.05,7,Mixta,55.03,1,5.9,28.2,6.41
863,Tomate,2023-06-02,2.61,8.99,6771.39,3,Orgánica,219.33,0,7.0,20.2,54.95
864,Papa,2025-04-24,4.86,9.4,8836.04,4,Orgánica,81.62,1,11.2,27.0,26.64
865,Maíz,2024-04-18,1.01,1.68,6193.58,6,Mixta,153.34,1,6.3,13.3,9.51
866,Papa,2023-11-06,2.09,2.19,7050.54,6,Mixta,184.15,1,6.8,16.5,30.45
867,Papa,2025-11-01,4.45,1.36,8243.5,6,Orgánica,57.77,1,10.4,17.0,35.68
868,Arroz,2023-05-04,1.22,9.07,4640.42,2,Química,277.89,0,10.6,14.7,8.37
869,Tomate,2025-09-16,2.26,4.32,7210.23,5,Mixta,136.53,0,4.0,14.8,46.81
870,Arroz,2023-01-14,1.63,8.25,3517.06,2,Orgánica,227.28,0,10.9,14.8,4.7
871,Tomate,2025-04-22,2.1,7.73,5956.21,1,Mixta,127.43,0,10.3,22.1,74.75
872,Papa,2025-12-20,0.68,9.86,4451.33,4,Orgánica,52.35,0,6.3,21.7,31.15
873,Trigo,2024-08-10,2.51,8.53,3384.7,4,Mixta,88.42,0,9.3,25.7,4.91
874,Papa,2025-05-31,3.41,2.36,9393.83,1,Mixta,222.05,1,4.2,14.1,30.27
875,Maíz,2023-07-17,4.45,5.75,9368.83,7,Orgánica,118.2,1,5.0,26.1,7.69
876,Tomate,2024-05-08,4.55,9.2,9489.79,2,Orgánica,120.94,1,10.2,12.6,77.99
877,Maíz,2025-12-14,0.65,5.48,2393.58,3,Mixta,180.44,1,7.5,22.5,6.52
878,Trigo,2024-07-01,2.77,2.64,6165.78,1,Química,189.18,0,4.1,15.2,4.57
879,Arroz,2025-02-03,2.57,3.68,1296.53,5,Orgánica,213.5,0,6.3,10.8,9.97
880,Arroz,2024-05-13,2.67,7.8,5070.83,7,Química,139.18,0,6.6,26.8,7.93
881,Maíz,2023-06-15,1.74,9.71,3893.88,6,Química,289.76,1,5.5,16.3,10.66
882,Papa,2025-04-10,3.49,5.75,9724.97,4,Orgánica,230.08,0,4.8,23.8,19.91
883,Arroz,2025-09-01,4.04,3.8,3942.04,7,Química,223.14,1,4.9,25.5,7.52
884,Papa,2023-01-20,4.03,6.26,1741.9,1,Mixta,67.62,0,7.8,13.4,36.56
885,Maíz,2025-10-20,4.6,5.99,5744.33,7,Orgánica,171.61,1,11.3,13.9,15.0
886,Arroz,2024-11-09,3.81,7.97,6905.83,5,Mixta,243.67,1,4.4,22.5,8.81
887,Tomate,2025-12-17,4.51,5.55,1694.3,4,Orgánica,213.91,1,11.7,27.8,51.4
888,Papa,2024-03-08,4.2,5.66,5156.26,4,Orgánica,121.93,1,9.8,18.2,33.9
889,Tomate,2024-07-09,3.65,7.4,1467.69,3,Química,164.56,1,6.2,28.1,89.87
890,Papa,2024-07-28,2.06,8.27,4207.51,2,Orgánica,290.47,1,10.2,14.2,29.8
891,Tomate,2023-03-09,1.55,4.69,8020.76,5,Mixta,171.37,0,11.4,21.9,63.64
892,Maíz,2023-02-02,2.76,6.45,6039.01,1,Química,239.36,0,5.4,26.3,10.73
893,Maíz,2023-10-23,1.09,7.9,9392.0,2,Mixta,233.58,0,5.1,20.4,6.96
894,Arroz,2024-09-04,4.7,2.65,3274.89,7,Orgánica,240.08,1,10.4,19.1,5.54
895,Maíz,2024-05-07,1.7,5.58,2327.09,4,Mixta,75.88,0,9.7,28.8,15.0
896,Tomate,2024-11-10,4.76,3.2,2184.09,5,Química,291.99,1,11.8,27.2,39.61
897,Arroz,2023-10-14,4.76,4.81,1083.79,5,Mixta,241.16,1,8.4,16.8,7.92
898,Papa,2024-12-09,3.26,8.82,6957.11,7,Mixta,292.03,1,11.2,12.4,31.22
899,Papa,2025-06-14,1.78,1.42,7016.92,7,Orgánica,183.84,0,10.5,27.1,38.62
900,Maíz,2024-11-28,1.69,9.14,3885.96,6,Orgánica,113.51,1,4.4,24.4,10.21
901,Tomate,2025-03-23,1.65,2.71,7029.58,5,Mixta,131.69,0,4.6,13.8,59.89
902,Trigo,2024-07-13,2.68,4.19,3886.41,4,Orgánica,80.82,1,4.2,18.6,7.84
903,Arroz,2024-04-12,1.86,1.85,7825.46,7,Química,214.76,0,4.4,12.8,7.74
904,Trigo,2025-02-07,1.44,5.54,5903.94,1,Mixta,287.11,0,6.7,29.2,5.72
905,Arroz,2025-02-17,0.79,6.78,6289.16,3,Orgánica,89.63,1,6.8,29.3,9.07
906,Papa,2024-08-27,3.34,3.64,4361.86,1,Mixta,60.15,1,6.1,24.3,31.58
907,Maíz,2023-05-31,2.31,2.36,4976.64,1,Mixta,125.82,0,4.0,23.4,15.0
908,Papa,2023-11-12,3.23,2.08,3886.6,1,Química,111.5,0,8.9,18.1,22.28
909,Arroz,2023-11-12,4.16,7.69,6954.32,7,Mixta,97.28,1,8.6,21.1,5.94
910,Arroz,2025-01-08,0.75,1.73,9934.94,7,Química,280.5,1,9.2,20.7,10.0
911,Papa,2023-01-11,2.28,7.24,5403.9,5,Orgánica,82.05,0,7.6,19.4,34.3
912,Trigo,2025-01-07,4.73,3.96,1379.8,4,Química,90.54,0,5.3,25.2,8.0
913,Trigo,2023-09-29,4.76,2.77,8878.27,4,Orgánica,163.46,1,7.1,13.9,6.58
914,Papa,2025-06-01,1.19,8.7,5632.03,3,Orgánica,218.55,1,6.4,18.5,24.29
915,Arroz,2025-11-15,1.68,2.47,4264.9,5,Mixta,197.2,0,9.5,20.0,9.75
916,Arroz,2023-02-23,4.29,6.22,6570.42,7,Orgánica,73.68,1,4.2,17.0,9.01
917,Papa,2023-07-10,0.86,2.65,6303.57,6,Química,119.55,0,10.5,12.6,15.77
918,Tomate,2024-10-26,3.6,3.71,6633.86,4,Mixta,193.1,1,8.0,21.7,74.86
919,Arroz,2024-08-20,2.73,3.99,1640.62,7,Orgánica,156.05,0,6.8,20.3,6.12
920,Arroz,2023-06-23,3.6,8.78,3689.77,1,Química,71.48,1,8.9,18.9,5.83
921,Tomate,2025-12-03,3.44,2.34,5988.71,7,Orgánica,75.15,0,4.4,27.8,79.21
922,Maíz,2025-02-18,1.47,2.65,4884.94,3,Mixta,55.76,0,8.2,27.2,5.41
923,Maíz,2024-07-04,0.66,9.21,7977.99,1,Orgánica,83.55,0,11.6,25.4,14.81
924,Trigo,2025-10-06,3.92,2.51,8502.17,7,Química,184.1,0,7.7,23.5,5.23
925,Maíz,2023-12-09,0.92,3.62,9853.59,4,Orgánica,106.3,0,12.0,26.9,11.33
926,Arroz,2025-05-12,0.68,9.11,6016.86,6,Química,259.16,0,10.7,24.0,6.16
927,Trigo,2023-06-07,2.01,3.78,1180.41,6,Química,224.71,1,9.3,10.3,7.6
928,Trigo,2024-05-20,2.51,4.09,2244.21,4,Química,70.26,0,7.2,23.6,4.75
929,Arroz,2024-02-05,4.83,6.39,8267.3,7,Mixta,149.32,0,5.4,15.4,5.54
930,Arroz,2023-10-05,3.22,5.53,8803.72,5,Orgánica,217.19,1,8.1,29.4,5.94
931,Trigo,2025-03-21,4.07,3.03,7133.14,7,Orgánica,131.74,1,8.5,13.7,3.52
932,Trigo,2025-02-17,2.72,9.65,7926.78,2,Mixta,255.14,1,8.4,25.0,8.0
933,Trigo,2024-11-16,1.96,7.49,6920.1,2,Química,138.71,0,9.8,15.5,7.43
934,Arroz,2023-10-06,2.42,3.45,4457.45,1,Mixta,106.15,0,7.6,19.8,4.79
935,Trigo,2024-02-16,1.38,8.44,8476.91,1,Química,97.97,1,10.2,18.4,7.37
936,Arroz,2023-12-30,4.83,5.13,3145.84,4,Química,257.41,0,4.8,21.5,7.35
937,Arroz,2024-08-19,4.35,5.78,3297.09,1,Química,97.16,0,5.9,21.5,9.66
938,Arroz,2024-05-11,0.63,6.68,4146.27,7,Mixta,175.08,1,6.7,26.6,6.11
939,Trigo,2024-07-28,3.8,1.85,9562.57,6,Química,226.68,1,4.1,13.4,5.65
940,Arroz,2023-08-22,3.71,9.25,7349.47,3,Química,148.59,0,9.4,24.1,7.43
941,Tomate,2024-01-04,2.22,3.0,8421.64,1,Orgánica,68.54,1,11.6,11.0,96.86
942,Tomate,2025-08-03,4.99,8.98,8293.93,3,Orgánica,107.83,1,6.2,23.4,45.82
943,Maíz,2024-08-19,3.11,9.14,3881.63,1,Química,261.91,0,9.0,16.7,7.85
944,Papa,2025-10-19,1.91,2.61,9117.24,6,Química,168.22,1,7.6,16.4,36.35
945,Maíz,2024-09-12,4.87,4.94,8749.3,5,Mixta,73.07,0,9.5,20.3,12.94
946,Maíz,2023-11-12,4.5,4.96,9110.6,7,Química,194.22,0,8.8,16.5,15.0
947,Arroz,2023-06-01,3.5,1.39,3939.6,5,Química,82.19,0,4.2,19.0,6.3
948,Arroz,2025-09-08,2.47,3.36,2482.46,1,Mixta,178.64,1,7.9,23.7,10.0
949,Tomate,2025-12-30,0.59,9.01,6123.53,3,Química,251.98,1,9.7,23.4,69.93
950,Tomate,2025-05-06,3.39,1.35,6593.18,5,Mixta,124.75,1,6.9,15.5,81.11
951,Tomate,2025-01-06,3.62,8.84,4081.01,5,Orgánica,93.65,0,11.1,20.6,70.94
952,Tomate,2023-06-24,3.1,7.74,9682.21,5,Mixta,116.72,1,11.5,20.6,84.6
953,Papa,2024-12-28,2.67,1.84,7912.8,3,Orgánica,92.35,1,6.4,26.8,17.31
954,Maíz,2023-04-01,4.46,3.31,6336.86,7,Mixta,81.71,0,7.3,23.8,9.3
955,Tomate,2025-03-29,1.75,9.97,7757.11,3,Mixta,190.1,1,4.4,10.6,74.4
956,Trigo,2023-08-05,3.93,5.84,8567.07,5,Química,131.67,0,5.9,18.9,2.56
957,Papa,2024-06-13,4.79,3.01,9300.77,5,Orgánica,209.94,0,8.4,28.6,15.44
958,Maíz,2025-11-28,3.87,9.13,2257.49,7,Mixta,156.14,0,7.7,26.1,7.14
959,Tomate,2024-03-28,4.82,4.47,4074.13,7,Mixta,208.46,0,8.1,24.5,79.38
960,Arroz,2025-03-12,1.23,7.07,2201.22,7,Química,125.31,1,7.0,18.9,4.63
961,Arroz,2025-10-21,0.56,9.29,2157.62,4,Mixta,222.03,0,11.1,20.4,8.31
962,Maíz,2023-02-20,3.51,9.65,6424.03,2,Química,99.11,0,4.6,21.5,15.0
963,Arroz,2024-08-28,4.4,9.84,5750.51,6,Orgánica,144.51,0,9.2,16.8,7.3
964,Arroz,2023-08-26,4.36,3.69,9313.69,3,Orgánica,56.44,0,9.0,25.0,7.09
965,Maíz,2024-09-30,4.7,6.69,3594.66,4,Química,53.25,1,6.3,18.0,14.63
966,Trigo,2024-02-28,2.75,7.11,4527.71,5,Química,104.83,1,8.8,28.7,3.38
967,Tomate,2024-12-14,1.16,8.7,7128.25,7,Química,115.87,1,10.4,19.1,84.87
968,Arroz,2025-06-16,1.93,4.43,9916.41,4,Orgánica,263.64,1,10.8,14.8,6.82
969,Arroz,2023-05-18,3.27,5.33,5135.52,7,Química,178.99,1,9.0,23.1,4.88
970,Trigo,2023-08-24,3.34,9.58,5868.88,7,Orgánica,231.89,0,10.8,28.6,3.17
971,Papa,2023-08-12,2.47,4.53,4646.94,4,Química,153.37,1,4.3,20.6,34.12
972,Maíz,2024-05-14,1.43,9.15,8546.94,6,Mixta,267.27,1,5.9,24.6,7.17
973,Tomate,2023-11-24,3.56,8.58,3056.24,6,Orgánica,173.5,0,11.3,12.4,76.71
974,Trigo,2025-05-23,1.63,8.53,5610.7,5,Mixta,155.28,1,7.3,23.2,8.0
975,Arroz,2025-04-09,2.34,3.61,1130.64,4,Orgánica,150.57,1,11.8,13.9,6.38
976,Maíz,2025-06-04,2.11,1.08,8552.87,3,Orgánica,237.29,1,11.1,20.7,11.51
977,Arroz,2024-02-09,3.44,4.48,6825.0,4,Orgánica,154.0,1,7.7,21.0,10.0
978,Arroz,2025-05-29,0.97,8.4,2890.43,3,Mixta,286.24,0,7.2,13.0,7.37
979,Arroz,2024-03-15,4.11,4.97,5415.52,4,Orgánica,274.13,1,7.9,15.2,9.59
980,Maíz,2023-05-09,3.1,2.99,3422.08,5,Química,169.66,0,11.9,12.6,13.22
981,Tomate,2024-01-18,2.28,5.43,8925.86,6,Orgánica,233.11,0,4.4,10.0,47.14
982,Trigo,2024-02-08,3.56,2.09,2023.86,4,Química,77.02,0,9.7,13.6,2.53
983,Arroz,2024-06-21,4.73,3.35,8680.12,3,Orgánica,207.14,1,5.4,26.4,8.87
984,Arroz,2024-10-03,3.19,4.03,3362.58,7,Mixta,78.28,0,8.7,17.2,7.71
985,Tomate,2025-03-14,2.14,6.77,9111.33,1,Química,86.28,1,5.1,22.5,90.25
986,Tomate,2024-12-13,4.69,3.51,9551.9,7,Orgánica,69.75,0,4.5,27.9,67.09
987,Trigo,2023-12-20,3.51,8.48,2352.8,2,Química,240.83,1,6.5,12.6,5.1
988,Trigo,2023-06-23,3.19,1.28,3474.06,6,Mixta,201.03,0,11.2,29.7,6.24
989,Maíz,2023-08-30,1.23,9.15,5646.23,5,Química,138.0,0,10.1,24.6,12.95
990,Maíz,2023-08-28,1.4,2.9,7194.64,4,Química,170.7,0,10.3,19.1,13.84
991,Maíz,2023-10-17,4.27,6.89,3055.83,4,Química,202.15,1,4.9,15.5,7.31
992,Tomate,2025-05-06,2.55,9.18,1940.32,6,Química,125.87,0,4.8,28.5,69.79
993,Tomate,2025-02-24,2.14,7.81,3316.29,7,Orgánica,59.93,0,9.4,26.9,59.08
994,Arroz,2025-09-23,2.85,4.61,3704.4,6,Orgánica,204.43,1,9.8,14.1,5.78
995,Tomate,2023-12-21,2.01,6.3,5089.8,3,Mixta,151.52,0,4.1,25.5,96.49
996,Tomate,2025-09-29,0.77,6.5,4403.86,1,Orgánica,77.32,0,10.8,25.5,53.87
997,Trigo,2024-01-19,4.15,5.8,1474.81,1,Orgánica,117.07,1,11.1,12.0,7.0
998,Trigo,2023-04-20,4.13,3.44,5244.48,4,Química,84.66,0,4.9,24.1,7.84
999,Trigo,2025-09-19,3.44,7.96,4225.26,4,Orgánica,210.69,1,8.4,22.6,3.91
1000,Maíz,2025-02-25,4.77,2.53,9690.88,1,Orgánica,52.46,0,6.7,19.0,11.58
